<?xml version="1.0" encoding="UTF-8" ?>
<resource_file type="PackedScene" subresource_count="11" version="1.0" version_name="Godot Engine v1.0.3917-beta1">
	<ext_resource path="res://sound_explode.*" type="Sample"></ext_resource>
	<ext_resource path="res://enemy.*" type="Texture"></ext_resource>
	<ext_resource path="res://enemy.*" type="Script"></ext_resource>
	<ext_resource path="res://sound_hit.*" type="Sample"></ext_resource>
	<ext_resource path="res://bullet.*" type="Texture"></ext_resource>
	<resource type="CircleShape2D" path="local://1">
		<real name="custom_solver_bias"> 0 </real>
		<real name="radius"> 14 </real>

	</resource>
	<resource type="Animation" path="local://2">
		<string name="resource/name"> "idle" </string>
		<real name="length"> 6.75 </real>
		<bool name="loop"> True </bool>
		<real name="step"> 0.25 </real>
		<string name="tracks/0/type"> "value" </string>
		<node_path name="tracks/0/path"> "sprite:frame" </node_path>
		<int name="tracks/0/interp"> 1 </int>
		<dictionary name="tracks/0/keys" shared="false">
			<string> "cont" </string>
			<bool> False </bool>
			<string> "transitions" </string>
			<real_array  len="10"> 				1, 1, 1, 1, 1, 1, 1, 1, 1, 1 </real_array>
			<string> "values" </string>
			<array  len="10" shared="false">
				<int> 5 </int>
				<int> 6 </int>
				<int> 5 </int>
				<int> 6 </int>
				<int> 5 </int>
				<int> 6 </int>
				<int> 7 </int>
				<int> 6 </int>
				<int> 7 </int>
				<int> 5 </int>
			</array>
			<string> "times" </string>
			<real_array  len="10"> 				0, 0.75, 1.5, 2.25, 3, 3.75, 4.5, 5.25, 6, 6.75 </real_array>
		</dictionary>

	</resource>
	<resource type="Animation" path="local://3">
		<string name="resource/name"> "explode" </string>
		<real name="length"> 6 </real>
		<bool name="loop"> False </bool>
		<real name="step"> 0 </real>
		<string name="tracks/0/type"> "value" </string>
		<node_path name="tracks/0/path"> "sprite:visibility/self_opacity" </node_path>
		<int name="tracks/0/interp"> 1 </int>
		<dictionary name="tracks/0/keys" shared="false">
			<string> "cont" </string>
			<bool> True </bool>
			<string> "transitions" </string>
			<real_array  len="2"> 				1, 1 </real_array>
			<string> "values" </string>
			<array  len="2" shared="false">
				<real> 1 </real>
				<real> 0 </real>
			</array>
			<string> "times" </string>
			<real_array  len="2"> 				3.58422, 4.33851 </real_array>
		</dictionary>
		<string name="tracks/1/type"> "value" </string>
		<node_path name="tracks/1/path"> "sprite:frame" </node_path>
		<int name="tracks/1/interp"> 1 </int>
		<dictionary name="tracks/1/keys" shared="false">
			<string> "cont" </string>
			<bool> True </bool>
			<string> "transitions" </string>
			<real_array  len="1"> 				1 </real_array>
			<string> "values" </string>
			<array  len="1" shared="false">
				<int> 4 </int>
			</array>
			<string> "times" </string>
			<real_array  len="1"> 				0 </real_array>
		</dictionary>
		<string name="tracks/2/type"> "value" </string>
		<node_path name="tracks/2/path"> "Particles2D:config/emitting" </node_path>
		<int name="tracks/2/interp"> 1 </int>
		<dictionary name="tracks/2/keys" shared="false">
			<string> "cont" </string>
			<bool> False </bool>
			<string> "transitions" </string>
			<real_array  len="1"> 				1 </real_array>
			<string> "values" </string>
			<array  len="1" shared="false">
				<bool> True </bool>
			</array>
			<string> "times" </string>
			<real_array  len="1"> 				3.47394 </real_array>
		</dictionary>
		<string name="tracks/3/type"> "method" </string>
		<node_path name="tracks/3/path"> "." </node_path>
		<int name="tracks/3/interp"> 1 </int>
		<dictionary name="tracks/3/keys" shared="false">
			<string> "transitions" </string>
			<real_array  len="2"> 				1, 1 </real_array>
			<string> "values" </string>
			<array  len="2" shared="false">
				<dictionary  shared="false">
					<string> "args" </string>
					<array  len="0" shared="false">
					</array>
					<string> "method" </string>
					<string> "_pre_explode" </string>
				</dictionary>
				<dictionary  shared="false">
					<string> "args" </string>
					<array  len="0" shared="false">
					</array>
					<string> "method" </string>
					<string> "_die" </string>
				</dictionary>
			</array>
			<string> "times" </string>
			<real_array  len="2"> 				3.20357, 5.07305 </real_array>
		</dictionary>

	</resource>
	<resource type="Animation" path="local://4">
		<string name="resource/name"> "walk" </string>
		<real name="length"> 1.25 </real>
		<bool name="loop"> True </bool>
		<real name="step"> 0.25 </real>
		<string name="tracks/0/type"> "value" </string>
		<node_path name="tracks/0/path"> "sprite:frame" </node_path>
		<int name="tracks/0/interp"> 1 </int>
		<dictionary name="tracks/0/keys" shared="false">
			<string> "cont" </string>
			<bool> False </bool>
			<string> "transitions" </string>
			<real_array  len="6"> 				1, 1, 1, 1, 1, 1 </real_array>
			<string> "values" </string>
			<array  len="6" shared="false">
				<int> 0 </int>
				<int> 1 </int>
				<int> 2 </int>
				<int> 3 </int>
				<int> 4 </int>
				<int> 0 </int>
			</array>
			<string> "times" </string>
			<real_array  len="6"> 				0, 0.25, 0.5, 0.75, 1, 1.25 </real_array>
		</dictionary>

	</resource>
	<resource type="SampleLibrary" path="local://5">
		<dictionary name="samples/explode" shared="false">
			<string> "db" </string>
			<real> 0 </real>
			<string> "pitch" </string>
			<real> 1 </real>
			<string> "sample" </string>
			<resource  resource_type="Sample" path="res://sound_explode.*">  </resource>
		</dictionary>
		<dictionary name="samples/hit" shared="false">
			<string> "db" </string>
			<real> 0 </real>
			<string> "pitch" </string>
			<real> 1 </real>
			<string> "sample" </string>
			<resource  resource_type="Sample" path="res://sound_hit.*">  </resource>
		</dictionary>

	</resource>
	<main_resource>
		<dictionary name="_bundled" shared="false">
			<string> "names" </string>
			<string_array  len="132">
				<string> "enemy" </string>
				<string> "RigidBody2D" </string>
				<string> "visibility/visible" </string>
				<string> "visibility/opacity" </string>
				<string> "visibility/self_opacity" </string>
				<string> "visibility/on_top" </string>
				<string> "transform/pos" </string>
				<string> "transform/rot" </string>
				<string> "transform/scale" </string>
				<string> "shape_count" </string>
				<string> "shapes/0/shape" </string>
				<string> "shapes/0/transform" </string>
				<string> "shapes/0/trigger" </string>
				<string> "shapes/1/shape" </string>
				<string> "shapes/1/transform" </string>
				<string> "shapes/1/trigger" </string>
				<string> "shapes/2/shape" </string>
				<string> "shapes/2/transform" </string>
				<string> "shapes/2/trigger" </string>
				<string> "mode" </string>
				<string> "mass" </string>
				<string> "friction" </string>
				<string> "bounce" </string>
				<string> "custom_integrator" </string>
				<string> "continuous_cd" </string>
				<string> "contacts_reported" </string>
				<string> "contact_monitor" </string>
				<string> "active" </string>
				<string> "can_sleep" </string>
				<string> "velocity/linear" </string>
				<string> "velocity/angular" </string>
				<string> "script/script" </string>
				<string> "__meta__" </string>
				<string> "enabler" </string>
				<string> "VisibilityEnabler2D" </string>
				<string> "rect" </string>
				<string> "enabler/pause_animations" </string>
				<string> "enabler/freeze_bodies" </string>
				<string> "anim" </string>
				<string> "AnimationPlayer" </string>
				<string> "playback/process_mode" </string>
				<string> "playback/default_blend_time" </string>
				<string> "root/root" </string>
				<string> "anims/idle" </string>
				<string> "anims/explode" </string>
				<string> "anims/walk" </string>
				<string> "playback/active" </string>
				<string> "playback/speed" </string>
				<string> "blend_times" </string>
				<string> "autoplay" </string>
				<string> "CollisionShape2D" </string>
				<string> "shape" </string>
				<string> "trigger" </string>
				<string> "CollisionShape2D 2" </string>
				<string> "CollisionShape2D 3" </string>
				<string> "sprite" </string>
				<string> "Sprite" </string>
				<string> "texture" </string>
				<string> "centered" </string>
				<string> "offset" </string>
				<string> "flip_h" </string>
				<string> "flip_v" </string>
				<string> "vframes" </string>
				<string> "hframes" </string>
				<string> "frame" </string>
				<string> "modulate" </string>
				<string> "region" </string>
				<string> "region_rect" </string>
				<string> "raycast_left" </string>
				<string> "RayCast2D" </string>
				<string> "enabled" </string>
				<string> "cast_to" </string>
				<string> "raycast_right" </string>
				<string> "Particles2D" </string>
				<string> "visibility/blend_mode" </string>
				<string> "config/amount" </string>
				<string> "config/lifetime" </string>
				<string> "config/time_scale" </string>
				<string> "config/preprocess" </string>
				<string> "config/emit_timeout" </string>
				<string> "config/emitting" </string>
				<string> "config/offset" </string>
				<string> "config/half_extents" </string>
				<string> "config/local_space" </string>
				<string> "config/explosiveness" </string>
				<string> "config/texture" </string>
				<string> "params/direction" </string>
				<string> "params/spread" </string>
				<string> "params/linear_velocity" </string>
				<string> "params/spin_velocity" </string>
				<string> "params/orbit_velocity" </string>
				<string> "params/gravity_direction" </string>
				<string> "params/gravity_strength" </string>
				<string> "params/radial_accel" </string>
				<string> "params/tangential_accel" </string>
				<string> "params/damping" </string>
				<string> "params/initial_size" </string>
				<string> "params/final_size" </string>
				<string> "params/hue_variation" </string>
				<string> "randomness/direction" </string>
				<string> "randomness/spread" </string>
				<string> "randomness/linear_velocity" </string>
				<string> "randomness/spin_velocity" </string>
				<string> "randomness/orbit_velocity" </string>
				<string> "randomness/gravity_direction" </string>
				<string> "randomness/gravity_strength" </string>
				<string> "randomness/radial_accel" </string>
				<string> "randomness/tangential_accel" </string>
				<string> "randomness/damping" </string>
				<string> "randomness/initial_size" </string>
				<string> "randomness/final_size" </string>
				<string> "randomness/hue_variation" </string>
				<string> "color_phases/count" </string>
				<string> "phase_0/pos" </string>
				<string> "phase_0/color" </string>
				<string> "phase_1/pos" </string>
				<string> "phase_1/color" </string>
				<string> "phase_2/pos" </string>
				<string> "phase_2/color" </string>
				<string> "phase_3/pos" </string>
				<string> "phase_3/color" </string>
				<string> "emission_points" </string>
				<string> "sound" </string>
				<string> "SamplePlayer2D" </string>
				<string> "params/volume_db" </string>
				<string> "params/pitch_scale" </string>
				<string> "params/attenuation/min_distance" </string>
				<string> "params/attenuation/max_distance" </string>
				<string> "params/attenuation/distance_exp" </string>
				<string> "config/polyphony" </string>
				<string> "config/samples" </string>
				<string> "config/pitch_random" </string>
			</string_array>
			<string> "version" </string>
			<int> 1 </int>
			<string> "conn_count" </string>
			<int> 0 </int>
			<string> "node_count" </string>
			<int> 11 </int>
			<string> "variants" </string>
			<array  len="51" shared="false">
				<bool> True </bool>
				<real> 1 </real>
				<vector2> 0, 0 </vector2>
				<real> 0 </real>
				<vector2> 1, 1 </vector2>
				<int> 3 </int>
				<resource  resource_type="Shape2D" path="local://1">  </resource>
				<matrix32> 1, -0, 0, 1, -1.08072, -2.16144 </matrix32>
				<bool> False </bool>
				<matrix32> 1, -0, 0, 1, 6.48431, 3.24216 </matrix32>
				<matrix32> 1, -0, 0, 1, -12.495, 3.53415 </matrix32>
				<int> 2 </int>
				<int> 4 </int>
				<resource  resource_type="Script" path="res://enemy.*">  </resource>
				<dictionary  shared="false">
					<string> "__editor_plugin_states__" </string>
					<dictionary  shared="false">
						<string> "Script" </string>
						<dictionary  shared="false">
							<string> "current" </string>
							<int> 0 </int>
							<string> "sources" </string>
							<array  len="1" shared="false">
								<string> "res://enemy.gd" </string>
							</array>
						</dictionary>
						<string> "2D" </string>
						<dictionary  shared="false">
							<string> "pixel_snap" </string>
							<bool> False </bool>
							<string> "zoom" </string>
							<real> 1.108033 </real>
							<string> "ofs" </string>
							<vector2> -227.625, -197.9 </vector2>
						</dictionary>
						<string> "3D" </string>
						<dictionary  shared="false">
							<string> "zfar" </string>
							<real> 500 </real>
							<string> "fov" </string>
							<real> 45 </real>
							<string> "viewports" </string>
							<array  len="4" shared="false">
								<dictionary  shared="false">
									<string> "distance" </string>
									<real> 4 </real>
									<string> "x_rot" </string>
									<real> 0 </real>
									<string> "y_rot" </string>
									<real> 0 </real>
									<string> "use_orthogonal" </string>
									<bool> False </bool>
									<string> "use_environment" </string>
									<bool> False </bool>
									<string> "pos" </string>
									<vector3> 0, 0, 0 </vector3>
								</dictionary>
								<dictionary  shared="false">
									<string> "distance" </string>
									<real> 4 </real>
									<string> "x_rot" </string>
									<real> 0 </real>
									<string> "y_rot" </string>
									<real> 0 </real>
									<string> "use_orthogonal" </string>
									<bool> False </bool>
									<string> "use_environment" </string>
									<bool> False </bool>
									<string> "pos" </string>
									<vector3> 0, 0, 0 </vector3>
								</dictionary>
								<dictionary  shared="false">
									<string> "distance" </string>
									<real> 4 </real>
									<string> "x_rot" </string>
									<real> 0 </real>
									<string> "y_rot" </string>
									<real> 0 </real>
									<string> "use_orthogonal" </string>
									<bool> False </bool>
									<string> "use_environment" </string>
									<bool> False </bool>
									<string> "pos" </string>
									<vector3> 0, 0, 0 </vector3>
								</dictionary>
								<dictionary  shared="false">
									<string> "distance" </string>
									<real> 4 </real>
									<string> "x_rot" </string>
									<real> 0 </real>
									<string> "y_rot" </string>
									<real> 0 </real>
									<string> "use_orthogonal" </string>
									<bool> False </bool>
									<string> "use_environment" </string>
									<bool> False </bool>
									<string> "pos" </string>
									<vector3> 0, 0, 0 </vector3>
								</dictionary>
							</array>
							<string> "viewport_mode" </string>
							<int> 1 </int>
							<string> "default_light" </string>
							<bool> True </bool>
							<string> "show_grid" </string>
							<bool> True </bool>
							<string> "show_origin" </string>
							<bool> True </bool>
							<string> "znear" </string>
							<real> 0.1 </real>
						</dictionary>
					</dictionary>
					<string> "__editor_run_settings__" </string>
					<dictionary  shared="false">
						<string> "custom_args" </string>
						<string> "-l $scene" </string>
						<string> "run_mode" </string>
						<int> 0 </int>
					</dictionary>
					<string> "__editor_plugin_screen__" </string>
					<string> "2D" </string>
				</dictionary>
				<vector2> 16.2569, 11.0034 </vector2>
				<vector2> 23.5056, 10.8629 </vector2>
				<rect2> -10, -10, 20, 20 </rect2>
				<int> 1 </int>
				<node_path> ".." </node_path>
				<resource  resource_type="Animation" path="local://2">  </resource>
				<resource  resource_type="Animation" path="local://3">  </resource>
				<resource  resource_type="Animation" path="local://4">  </resource>
				<real> 3 </real>
				<array  len="0" shared="false">
				</array>
				<string> "" </string>
				<vector2> -1.08072, -2.16144 </vector2>
				<vector2> 6.48431, 3.24216 </vector2>
				<vector2> -12.495, 3.53415 </vector2>
				<resource  resource_type="Texture" path="res://enemy.*">  </resource>
				<int> 8 </int>
				<color> 1, 1, 1, 1 </color>
				<rect2> 0, 0, 0, 0 </rect2>
				<vector2> -33.2868, -9.34363 </vector2>
				<vector2> 0, 45 </vector2>
				<vector2> 29.1987, -9.34363 </vector2>
				<real> 0.121212 </real>
				<int> 32 </int>
				<real> 0.5 </real>
				<real> 0.1 </real>
				<resource  resource_type="Texture" path="res://bullet.*">  </resource>
				<real> 180 </real>
				<real> 90 </real>
				<real> 2 </real>
				<real> 9.8 </real>
				<color> 1, 0.884956, 0.823009, 1 </color>
				<color> 0.768627, 0.389381, 0, 0 </color>
				<color> 0, 0, 0, 1 </color>
				<vector2_array  len="0"> 					 </vector2_array>
				<real> 2048 </real>
				<resource  resource_type="SampleLibrary" path="local://5">  </resource>
			</array>
			<string> "nodes" </string>
			<int_array  len="445"> 				-1, -1, 1, 0, -1, 31, 2, 0, 3, 1, 4, 1, 5, 0, 6, 2, 7, 3, 8, 4, 9, 5, 10, 6, 11, 7, 12, 8, 13, 6, 14, 9, 15, 8, 16, 6, 17, 10, 18, 8, 19, 11, 20, 1, 21, 3, 22, 3, 23, 8, 24, 8, 25, 12, 26, 8, 27, 0, 28, 0, 29, 2, 30, 3, 31, 13, 32, 14, 0, 0, 0, 34, 33, -1, 10, 2, 0, 3, 1, 4, 1, 5, 0, 6, 15, 7, 3, 8, 16, 35, 17, 36, 0, 37, 0, 0, 0, 0, 39, 38, -1, 10, 40, 18, 41, 3, 42, 19, 43, 20, 44, 21, 45, 22, 46, 0, 47, 23, 48, 24, 49, 25, 0, 0, 0, 50, 50, -1, 9, 2, 0, 3, 1, 4, 1, 5, 0, 6, 26, 7, 3, 8, 4, 51, 6, 52, 8, 0, 0, 0, 50, 53, -1, 9, 2, 0, 3, 1, 4, 1, 5, 0, 6, 27, 7, 3, 8, 4, 51, 6, 52, 8, 0, 0, 0, 50, 54, -1, 9, 2, 0, 3, 1, 4, 1, 5, 0, 6, 28, 7, 3, 8, 4, 51, 6, 52, 8, 0, 0, 0, 56, 55, -1, 18, 2, 0, 3, 1, 4, 1, 5, 0, 6, 2, 7, 3, 8, 4, 57, 29, 58, 0, 59, 2, 60, 8, 61, 8, 62, 18, 63, 30, 64, 12, 65, 31, 66, 8, 67, 32, 0, 0, 0, 69, 68, -1, 9, 2, 0, 3, 1, 4, 1, 5, 0, 6, 33, 7, 3, 8, 4, 70, 0, 71, 34, 0, 0, 0, 69, 72, -1, 9, 2, 0, 3, 1, 4, 1, 5, 0, 6, 35, 7, 3, 8, 4, 70, 0, 71, 34, 0, 0, 0, 73, 73, -1, 55, 2, 0, 3, 1, 4, 36, 5, 0, 74, 18, 6, 2, 7, 3, 8, 4, 75, 37, 76, 38, 77, 1, 78, 3, 79, 38, 80, 8, 81, 2, 82, 2, 83, 0, 84, 39, 85, 40, 86, 3, 87, 41, 88, 42, 89, 43, 90, 3, 91, 3, 92, 44, 93, 3, 94, 3, 95, 3, 96, 43, 97, 23, 98, 3, 99, 3, 100, 3, 101, 3, 102, 1, 103, 3, 104, 3, 105, 3, 106, 3, 107, 3, 108, 3, 109, 3, 110, 3, 111, 3, 112, 11, 113, 3, 114, 45, 115, 1, 116, 46, 117, 1, 118, 47, 119, 1, 120, 47, 121, 48, 0, 0, 0, 123, 122, -1, 15, 2, 0, 3, 1, 4, 1, 5, 0, 6, 2, 7, 3, 8, 4, 124, 3, 125, 1, 126, 1, 127, 49, 128, 1, 129, 5, 130, 50, 131, 3, 0 </int_array>
			<string> "conns" </string>
			<int_array  len="0"> 				 </int_array>
		</dictionary>

	</main_resource>
</resource_file>