<?xml version="1.0" encoding="UTF-8" ?>
<resource_file type="PackedScene" subresource_count="4" version="1.0" version_name="Godot Engine v1.0.3917-beta1">
	<ext_resource path="res://moving_platform.*" type="Texture"></ext_resource>
	<ext_resource path="res://moving_platform.*" type="Script"></ext_resource>
	<resource type="ConvexPolygonShape2D" path="local://1">
		<real name="custom_solver_bias"> 0 </real>
		<vector2_array name="points" len="4"> 			-88, 24, -88, -24, 88, -24, 88, 24 </vector2_array>

	</resource>
	<main_resource>
		<dictionary name="_bundled" shared="false">
			<string> "names" </string>
			<string_array  len="46">
				<string> "moving_platform" </string>
				<string> "Node2D" </string>
				<string> "visibility/visible" </string>
				<string> "visibility/opacity" </string>
				<string> "visibility/self_opacity" </string>
				<string> "visibility/on_top" </string>
				<string> "transform/pos" </string>
				<string> "transform/rot" </string>
				<string> "transform/scale" </string>
				<string> "script/script" </string>
				<string> "__meta__" </string>
				<string> "motion" </string>
				<string> "cycle" </string>
				<string> "platform" </string>
				<string> "RigidBody2D" </string>
				<string> "shape_count" </string>
				<string> "shapes/0/shape" </string>
				<string> "shapes/0/transform" </string>
				<string> "shapes/0/trigger" </string>
				<string> "mode" </string>
				<string> "mass" </string>
				<string> "friction" </string>
				<string> "bounce" </string>
				<string> "custom_integrator" </string>
				<string> "continuous_cd" </string>
				<string> "contacts_reported" </string>
				<string> "contact_monitor" </string>
				<string> "active" </string>
				<string> "can_sleep" </string>
				<string> "velocity/linear" </string>
				<string> "velocity/angular" </string>
				<string> "Sprite" </string>
				<string> "texture" </string>
				<string> "centered" </string>
				<string> "offset" </string>
				<string> "flip_h" </string>
				<string> "flip_v" </string>
				<string> "vframes" </string>
				<string> "hframes" </string>
				<string> "frame" </string>
				<string> "modulate" </string>
				<string> "region" </string>
				<string> "region_rect" </string>
				<string> "CollisionPolygon2D" </string>
				<string> "build_mode" </string>
				<string> "polygon" </string>
			</string_array>
			<string> "version" </string>
			<int> 1 </int>
			<string> "conn_count" </string>
			<int> 0 </int>
			<string> "node_count" </string>
			<int> 4 </int>
			<string> "variants" </string>
			<array  len="17" shared="false">
				<bool> True </bool>
				<real> 1 </real>
				<vector2> 0, 0 </vector2>
				<real> 0 </real>
				<vector2> 1, 1 </vector2>
				<resource  resource_type="Script" path="res://moving_platform.*">  </resource>
				<dictionary  shared="false">
					<string> "__editor_plugin_states__" </string>
					<dictionary  shared="false">
						<string> "Script" </string>
						<dictionary  shared="false">
							<string> "current" </string>
							<int> 0 </int>
							<string> "sources" </string>
							<array  len="4" shared="false">
								<string> "res://moving_platform.gd" </string>
								<string> "res://enemy.gd" </string>
								<string> "res://player.gd" </string>
								<string> "res://coin.gd" </string>
							</array>
						</dictionary>
						<string> "2D" </string>
						<dictionary  shared="false">
							<string> "pixel_snap" </string>
							<bool> False </bool>
							<string> "zoom" </string>
							<real> 1.360373 </real>
							<string> "ofs" </string>
							<vector2> -210.652, -172.81 </vector2>
						</dictionary>
						<string> "3D" </string>
						<dictionary  shared="false">
							<string> "zfar" </string>
							<real> 500 </real>
							<string> "fov" </string>
							<real> 400 </real>
							<string> "viewports" </string>
							<array  len="4" shared="false">
								<dictionary  shared="false">
									<string> "distance" </string>
									<real> 4 </real>
									<string> "x_rot" </string>
									<real> 0 </real>
									<string> "y_rot" </string>
									<real> 0 </real>
									<string> "use_orthogonal" </string>
									<bool> False </bool>
									<string> "use_environment" </string>
									<bool> False </bool>
									<string> "pos" </string>
									<vector3> 0, 0, 0 </vector3>
								</dictionary>
								<dictionary  shared="false">
									<string> "distance" </string>
									<real> 4 </real>
									<string> "x_rot" </string>
									<real> 0 </real>
									<string> "y_rot" </string>
									<real> 0 </real>
									<string> "use_orthogonal" </string>
									<bool> False </bool>
									<string> "use_environment" </string>
									<bool> False </bool>
									<string> "pos" </string>
									<vector3> 0, 0, 0 </vector3>
								</dictionary>
								<dictionary  shared="false">
									<string> "distance" </string>
									<real> 4 </real>
									<string> "x_rot" </string>
									<real> 0 </real>
									<string> "y_rot" </string>
									<real> 0 </real>
									<string> "use_orthogonal" </string>
									<bool> False </bool>
									<string> "use_environment" </string>
									<bool> False </bool>
									<string> "pos" </string>
									<vector3> 0, 0, 0 </vector3>
								</dictionary>
								<dictionary  shared="false">
									<string> "distance" </string>
									<real> 4 </real>
									<string> "x_rot" </string>
									<real> 0 </real>
									<string> "y_rot" </string>
									<real> 0 </real>
									<string> "use_orthogonal" </string>
									<bool> False </bool>
									<string> "use_environment" </string>
									<bool> False </bool>
									<string> "pos" </string>
									<vector3> 0, 0, 0 </vector3>
								</dictionary>
							</array>
							<string> "viewport_mode" </string>
							<int> 1 </int>
							<string> "default_light" </string>
							<bool> True </bool>
							<string> "show_grid" </string>
							<bool> True </bool>
							<string> "show_origin" </string>
							<bool> True </bool>
							<string> "znear" </string>
							<real> 0.1 </real>
						</dictionary>
					</dictionary>
					<string> "__editor_run_settings__" </string>
					<dictionary  shared="false">
						<string> "custom_args" </string>
						<string> "-l $scene" </string>
						<string> "run_mode" </string>
						<int> 0 </int>
					</dictionary>
					<string> "__editor_plugin_screen__" </string>
					<string> "2D" </string>
				</dictionary>
				<int> 1 </int>
				<resource  resource_type="Shape2D" path="local://1">  </resource>
				<matrix32> 1, -0, 0, 1, 0, 0 </matrix32>
				<bool> False </bool>
				<int> 3 </int>
				<int> 0 </int>
				<resource  resource_type="Texture" path="res://moving_platform.*">  </resource>
				<color> 1, 1, 1, 1 </color>
				<rect2> 0, 0, 0, 0 </rect2>
				<vector2_array  len="4"> 					-88, -24, 88, -24, 88, 24, -88, 24 </vector2_array>
			</array>
			<string> "nodes" </string>
			<int_array  len="150"> 				-1, -1, 1, 0, -1, 11, 2, 0, 3, 1, 4, 1, 5, 0, 6, 2, 7, 3, 8, 4, 9, 5, 10, 6, 11, 2, 12, 1, 0, 0, 0, 14, 13, -1, 23, 2, 0, 3, 1, 4, 1, 5, 0, 6, 2, 7, 3, 8, 4, 15, 7, 16, 8, 17, 9, 18, 10, 19, 11, 20, 1, 21, 1, 22, 3, 23, 10, 24, 10, 25, 12, 26, 10, 27, 0, 28, 0, 29, 2, 30, 3, 0, 1, 0, 31, 31, -1, 18, 2, 0, 3, 1, 4, 1, 5, 0, 6, 2, 7, 3, 8, 4, 32, 13, 33, 0, 34, 2, 35, 10, 36, 10, 37, 7, 38, 7, 39, 12, 40, 14, 41, 10, 42, 15, 0, 1, 0, 43, 43, -1, 9, 2, 0, 3, 1, 4, 1, 5, 0, 6, 2, 7, 3, 8, 4, 44, 12, 45, 16, 0 </int_array>
			<string> "conns" </string>
			<int_array  len="0"> 				 </int_array>
		</dictionary>

	</main_resource>
</resource_file>