<?xml version="1.0" encoding="UTF-8" ?>
<resource_file type="PackedScene" subresource_count="24" version="1.0" version_name="Godot Engine v1.0.rc2.custom_build">
	<ext_resource path="res://osb_jump.png" type="Texture"></ext_resource>
	<ext_resource path="res://bullet.png" type="Texture"></ext_resource>
	<ext_resource path="res://osb_right.png" type="Texture"></ext_resource>
	<ext_resource path="res://sound_coin.wav" type="Sample"></ext_resource>
	<ext_resource path="res://osb_fire.png" type="Texture"></ext_resource>
	<ext_resource path="res://sound_shoot.wav" type="Sample"></ext_resource>
	<ext_resource path="res://osb_left.png" type="Texture"></ext_resource>
	<ext_resource path="res://robot_demo.png" type="Texture"></ext_resource>
	<ext_resource path="res://player.gd" type="Script"></ext_resource>
	<ext_resource path="res://sound_jump.wav" type="Sample"></ext_resource>
	<resource type="RayShape2D" path="local://1">
		<real name="custom_solver_bias"> 0.5 </real>
		<real name="length"> 20 </real>

	</resource>
	<resource type="ConvexPolygonShape2D" path="local://2">
		<real name="custom_solver_bias"> 0 </real>
		<vector2_array name="points" len="3"> 			-19.902, -24.8691, 19.3625, -24.6056, -0.138023, 16.5036 </vector2_array>

	</resource>
	<resource type="Animation" path="local://3">
		<string name="resource/name"> "idle" </string>
		<real name="length"> 7 </real>
		<bool name="loop"> True </bool>
		<real name="step"> 0.25 </real>
		<string name="tracks/0/type"> "value" </string>
		<node_path name="tracks/0/path"> "sprite:frame" </node_path>
		<int name="tracks/0/interp"> 1 </int>
		<dictionary name="tracks/0/keys" shared="false">
			<string> "cont" </string>
			<bool> False </bool>
			<string> "transitions" </string>
			<real_array  len="8"> 				1, 1, 1, 1, 1, 1, 1, 1 </real_array>
			<string> "values" </string>
			<array  len="8" shared="false">
				<int> 16 </int>
				<int> 17 </int>
				<int> 18 </int>
				<int> 16 </int>
				<int> 19 </int>
				<int> 20 </int>
				<int> 19 </int>
				<int> 16 </int>
			</array>
			<string> "times" </string>
			<real_array  len="8"> 				0, 1.25, 1.5, 2, 4.5, 4.75, 5, 5.25 </real_array>
		</dictionary>

	</resource>
	<resource type="Animation" path="local://4">
		<string name="resource/name"> "jumping" </string>
		<real name="length"> 0.5 </real>
		<bool name="loop"> True </bool>
		<real name="step"> 0.25 </real>
		<string name="tracks/0/type"> "value" </string>
		<node_path name="tracks/0/path"> "sprite:frame" </node_path>
		<int name="tracks/0/interp"> 1 </int>
		<dictionary name="tracks/0/keys" shared="false">
			<string> "cont" </string>
			<bool> False </bool>
			<string> "transitions" </string>
			<real_array  len="3"> 				1, 1, 1 </real_array>
			<string> "values" </string>
			<array  len="3" shared="false">
				<int> 23 </int>
				<int> 24 </int>
				<int> 23 </int>
			</array>
			<string> "times" </string>
			<real_array  len="3"> 				0, 0.25, 0.5 </real_array>
		</dictionary>

	</resource>
	<resource type="Animation" path="local://5">
		<string name="resource/name"> "idle_weapon" </string>
		<real name="length"> 0.5 </real>
		<bool name="loop"> True </bool>
		<real name="step"> 0.25 </real>
		<string name="tracks/0/type"> "value" </string>
		<node_path name="tracks/0/path"> "sprite:frame" </node_path>
		<int name="tracks/0/interp"> 1 </int>
		<dictionary name="tracks/0/keys" shared="false">
			<string> "cont" </string>
			<bool> False </bool>
			<string> "transitions" </string>
			<real_array  len="1"> 				1 </real_array>
			<string> "values" </string>
			<array  len="1" shared="false">
				<int> 25 </int>
			</array>
			<string> "times" </string>
			<real_array  len="1"> 				0 </real_array>
		</dictionary>

	</resource>
	<resource type="Animation" path="local://6">
		<real name="length"> 1.25 </real>
		<bool name="loop"> True </bool>
		<real name="step"> 0.25 </real>
		<string name="tracks/0/type"> "value" </string>
		<node_path name="tracks/0/path"> "sprite:frame" </node_path>
		<int name="tracks/0/interp"> 1 </int>
		<dictionary name="tracks/0/keys" shared="false">
			<string> "cont" </string>
			<bool> False </bool>
			<string> "transitions" </string>
			<real_array  len="6"> 				1, 1, 1, 1, 1, 1 </real_array>
			<string> "values" </string>
			<array  len="6" shared="false">
				<int> 0 </int>
				<int> 1 </int>
				<int> 2 </int>
				<int> 3 </int>
				<int> 4 </int>
				<int> 0 </int>
			</array>
			<string> "times" </string>
			<real_array  len="6"> 				0, 0.25, 0.5, 0.75, 1, 1.25 </real_array>
		</dictionary>

	</resource>
	<resource type="Animation" path="local://7">
		<string name="resource/name"> "crouch" </string>
		<real name="length"> 0.01 </real>
		<bool name="loop"> True </bool>
		<real name="step"> 0.25 </real>
		<string name="tracks/0/type"> "value" </string>
		<node_path name="tracks/0/path"> "sprite:frame" </node_path>
		<int name="tracks/0/interp"> 1 </int>
		<dictionary name="tracks/0/keys" shared="false">
			<string> "cont" </string>
			<bool> False </bool>
			<string> "transitions" </string>
			<real_array  len="1"> 				1 </real_array>
			<string> "values" </string>
			<array  len="1" shared="false">
				<int> 22 </int>
			</array>
			<string> "times" </string>
			<real_array  len="1"> 				0 </real_array>
		</dictionary>

	</resource>
	<resource type="Animation" path="local://8">
		<string name="resource/name"> "falling" </string>
		<real name="length"> 0.01 </real>
		<bool name="loop"> True </bool>
		<real name="step"> 0.25 </real>
		<string name="tracks/0/type"> "value" </string>
		<node_path name="tracks/0/path"> "sprite:frame" </node_path>
		<int name="tracks/0/interp"> 1 </int>
		<dictionary name="tracks/0/keys" shared="false">
			<string> "cont" </string>
			<bool> False </bool>
			<string> "transitions" </string>
			<real_array  len="1"> 				1 </real_array>
			<string> "values" </string>
			<array  len="1" shared="false">
				<int> 21 </int>
			</array>
			<string> "times" </string>
			<real_array  len="1"> 				0 </real_array>
		</dictionary>

	</resource>
	<resource type="Animation" path="local://9">
		<real name="length"> 1.25 </real>
		<bool name="loop"> True </bool>
		<real name="step"> 0.25 </real>
		<string name="tracks/0/type"> "value" </string>
		<node_path name="tracks/0/path"> "sprite:frame" </node_path>
		<int name="tracks/0/interp"> 1 </int>
		<dictionary name="tracks/0/keys" shared="false">
			<string> "cont" </string>
			<bool> False </bool>
			<string> "transitions" </string>
			<real_array  len="6"> 				1, 1, 1, 1, 1, 1 </real_array>
			<string> "values" </string>
			<array  len="6" shared="false">
				<int> 10 </int>
				<int> 11 </int>
				<int> 12 </int>
				<int> 13 </int>
				<int> 14 </int>
				<int> 5 </int>
			</array>
			<string> "times" </string>
			<real_array  len="6"> 				0, 0.25, 0.5, 0.75, 1, 1.25 </real_array>
		</dictionary>

	</resource>
	<resource type="Animation" path="local://10">
		<string name="resource/name"> "falling_weapon" </string>
		<real name="length"> 0.5 </real>
		<bool name="loop"> True </bool>
		<real name="step"> 0.25 </real>
		<string name="tracks/0/type"> "value" </string>
		<node_path name="tracks/0/path"> "sprite:frame" </node_path>
		<int name="tracks/0/interp"> 1 </int>
		<dictionary name="tracks/0/keys" shared="false">
			<string> "cont" </string>
			<bool> False </bool>
			<string> "transitions" </string>
			<real_array  len="1"> 				1 </real_array>
			<string> "values" </string>
			<array  len="1" shared="false">
				<int> 26 </int>
			</array>
			<string> "times" </string>
			<real_array  len="1"> 				0 </real_array>
		</dictionary>

	</resource>
	<resource type="Animation" path="local://11">
		<real name="length"> 1.25 </real>
		<bool name="loop"> True </bool>
		<real name="step"> 0.25 </real>
		<string name="tracks/0/type"> "value" </string>
		<node_path name="tracks/0/path"> "sprite:frame" </node_path>
		<int name="tracks/0/interp"> 1 </int>
		<dictionary name="tracks/0/keys" shared="false">
			<string> "cont" </string>
			<bool> False </bool>
			<string> "transitions" </string>
			<real_array  len="6"> 				1, 1, 1, 1, 1, 1 </real_array>
			<string> "values" </string>
			<array  len="6" shared="false">
				<int> 5 </int>
				<int> 6 </int>
				<int> 7 </int>
				<int> 8 </int>
				<int> 9 </int>
				<int> 5 </int>
			</array>
			<string> "times" </string>
			<real_array  len="6"> 				0, 0.25, 0.5, 0.75, 1, 1.25 </real_array>
		</dictionary>

	</resource>
	<resource type="Animation" path="local://12">
		<real name="length"> 0.5 </real>
		<bool name="loop"> True </bool>
		<real name="step"> 0.25 </real>
		<string name="tracks/0/type"> "value" </string>
		<node_path name="tracks/0/path"> "sprite:frame" </node_path>
		<int name="tracks/0/interp"> 1 </int>
		<dictionary name="tracks/0/keys" shared="false">
			<string> "cont" </string>
			<bool> False </bool>
			<string> "transitions" </string>
			<real_array  len="1"> 				1 </real_array>
			<string> "values" </string>
			<array  len="1" shared="false">
				<int> 26 </int>
			</array>
			<string> "times" </string>
			<real_array  len="1"> 				0 </real_array>
		</dictionary>

	</resource>
	<resource type="SampleLibrary" path="local://13">
		<dictionary name="samples/jump" shared="false">
			<string> "db" </string>
			<real> 0 </real>
			<string> "pitch" </string>
			<real> 1 </real>
			<string> "sample" </string>
			<resource  resource_type="Sample" path="res://sound_jump.wav">  </resource>
		</dictionary>
		<dictionary name="samples/shoot" shared="false">
			<string> "db" </string>
			<real> 0 </real>
			<string> "pitch" </string>
			<real> 1 </real>
			<string> "sample" </string>
			<resource  resource_type="Sample" path="res://sound_shoot.wav">  </resource>
		</dictionary>
		<dictionary name="samples/coin" shared="false">
			<string> "db" </string>
			<real> 0 </real>
			<string> "pitch" </string>
			<real> 1 </real>
			<string> "sample" </string>
			<resource  resource_type="Sample" path="res://sound_coin.wav">  </resource>
		</dictionary>

	</resource>
	<main_resource>
		<dictionary name="_bundled" shared="false">
			<string> "names" </string>
			<string_array  len="180">
				<string> "player" </string>
				<string> "RigidBody2D" </string>
				<string> "_import_path" </string>
				<string> "visibility/visible" </string>
				<string> "visibility/opacity" </string>
				<string> "visibility/self_opacity" </string>
				<string> "visibility/behind_parent" </string>
				<string> "transform/pos" </string>
				<string> "transform/rot" </string>
				<string> "transform/scale" </string>
				<string> "shape_count" </string>
				<string> "shapes/0/shape" </string>
				<string> "shapes/0/transform" </string>
				<string> "shapes/0/trigger" </string>
				<string> "shapes/1/shape" </string>
				<string> "shapes/1/transform" </string>
				<string> "shapes/1/trigger" </string>
				<string> "layers" </string>
				<string> "mode" </string>
				<string> "mass" </string>
				<string> "friction" </string>
				<string> "bounce" </string>
				<string> "custom_integrator" </string>
				<string> "continuous_cd" </string>
				<string> "contacts_reported" </string>
				<string> "contact_monitor" </string>
				<string> "sleeping" </string>
				<string> "can_sleep" </string>
				<string> "velocity/linear" </string>
				<string> "velocity/angular" </string>
				<string> "script/script" </string>
				<string> "__meta__" </string>
				<string> "sprite" </string>
				<string> "Sprite" </string>
				<string> "texture" </string>
				<string> "centered" </string>
				<string> "offset" </string>
				<string> "flip_h" </string>
				<string> "flip_v" </string>
				<string> "vframes" </string>
				<string> "hframes" </string>
				<string> "frame" </string>
				<string> "modulate" </string>
				<string> "region" </string>
				<string> "region_rect" </string>
				<string> "smoke" </string>
				<string> "Particles2D" </string>
				<string> "visibility/blend_mode" </string>
				<string> "config/amount" </string>
				<string> "config/lifetime" </string>
				<string> "config/time_scale" </string>
				<string> "config/preprocess" </string>
				<string> "config/emit_timeout" </string>
				<string> "config/emitting" </string>
				<string> "config/offset" </string>
				<string> "config/half_extents" </string>
				<string> "config/local_space" </string>
				<string> "config/explosiveness" </string>
				<string> "config/flip_h" </string>
				<string> "config/flip_v" </string>
				<string> "config/texture" </string>
				<string> "config/h_frames" </string>
				<string> "config/v_frames" </string>
				<string> "params/direction" </string>
				<string> "params/spread" </string>
				<string> "params/linear_velocity" </string>
				<string> "params/spin_velocity" </string>
				<string> "params/orbit_velocity" </string>
				<string> "params/gravity_direction" </string>
				<string> "params/gravity_strength" </string>
				<string> "params/radial_accel" </string>
				<string> "params/tangential_accel" </string>
				<string> "params/damping" </string>
				<string> "params/initial_angle" </string>
				<string> "params/initial_size" </string>
				<string> "params/final_size" </string>
				<string> "params/hue_variation" </string>
				<string> "params/anim_speed_scale" </string>
				<string> "params/anim_initial_pos" </string>
				<string> "randomness/direction" </string>
				<string> "randomness/spread" </string>
				<string> "randomness/linear_velocity" </string>
				<string> "randomness/spin_velocity" </string>
				<string> "randomness/orbit_velocity" </string>
				<string> "randomness/gravity_direction" </string>
				<string> "randomness/gravity_strength" </string>
				<string> "randomness/radial_accel" </string>
				<string> "randomness/tangential_accel" </string>
				<string> "randomness/damping" </string>
				<string> "randomness/initial_angle" </string>
				<string> "randomness/initial_size" </string>
				<string> "randomness/final_size" </string>
				<string> "randomness/hue_variation" </string>
				<string> "randomness/anim_speed_scale" </string>
				<string> "randomness/anim_initial_pos" </string>
				<string> "color_phases/count" </string>
				<string> "phase_0/pos" </string>
				<string> "phase_0/color" </string>
				<string> "phase_1/pos" </string>
				<string> "phase_1/color" </string>
				<string> "phase_2/pos" </string>
				<string> "phase_2/color" </string>
				<string> "phase_3/pos" </string>
				<string> "phase_3/color" </string>
				<string> "emission_points" </string>
				<string> "anim" </string>
				<string> "AnimationPlayer" </string>
				<string> "playback/process_mode" </string>
				<string> "playback/default_blend_time" </string>
				<string> "root/root" </string>
				<string> "anims/idle" </string>
				<string> "anims/jumping" </string>
				<string> "anims/idle_weapon" </string>
				<string> "anims/run" </string>
				<string> "anims/crouch" </string>
				<string> "anims/falling" </string>
				<string> "anims/standing_weapon_ready" </string>
				<string> "anims/falling_weapon" </string>
				<string> "anims/run_weapon" </string>
				<string> "anims/jumping_weapon" </string>
				<string> "playback/active" </string>
				<string> "playback/speed" </string>
				<string> "blend_times" </string>
				<string> "autoplay" </string>
				<string> "camera" </string>
				<string> "Camera2D" </string>
				<string> "rotating" </string>
				<string> "current" </string>
				<string> "smoothing" </string>
				<string> "zoom" </string>
				<string> "limit/left" </string>
				<string> "limit/top" </string>
				<string> "limit/right" </string>
				<string> "limit/bottom" </string>
				<string> "drag_margin/h_enabled" </string>
				<string> "drag_margin/v_enabled" </string>
				<string> "drag_margin/left" </string>
				<string> "drag_margin/top" </string>
				<string> "drag_margin/right" </string>
				<string> "drag_margin/bottom" </string>
				<string> "bullet_shoot" </string>
				<string> "Position2D" </string>
				<string> "CollisionShape2D" </string>
				<string> "shape" </string>
				<string> "trigger" </string>
				<string> "sound" </string>
				<string> "SamplePlayer" </string>
				<string> "config/voices" </string>
				<string> "config/samples" </string>
				<string> "default/volume_db" </string>
				<string> "default/pitch_scale" </string>
				<string> "default/pan" </string>
				<string> "default/depth" </string>
				<string> "default/height" </string>
				<string> "default/filter/type" </string>
				<string> "default/filter/cutoff" </string>
				<string> "default/filter/resonance" </string>
				<string> "default/filter/gain" </string>
				<string> "default/reverb_room" </string>
				<string> "default/reverb_send" </string>
				<string> "default/chorus_send" </string>
				<string> "CollisionPolygon2D" </string>
				<string> "build_mode" </string>
				<string> "polygon" </string>
				<string> "ui" </string>
				<string> "CanvasLayer" </string>
				<string> "layer" </string>
				<string> "rotation" </string>
				<string> "scale" </string>
				<string> "left" </string>
				<string> "TouchScreenButton" </string>
				<string> "normal" </string>
				<string> "pressed" </string>
				<string> "bitmask" </string>
				<string> "passby_press" </string>
				<string> "action" </string>
				<string> "visibility_mode" </string>
				<string> "right" </string>
				<string> "jump" </string>
				<string> "fire" </string>
			</string_array>
			<string> "version" </string>
			<int> 1 </int>
			<string> "conn_count" </string>
			<int> 0 </int>
			<string> "node_count" </string>
			<int> 14 </int>
			<string> "variants" </string>
			<array  len="72" shared="false">
				<node_path> "" </node_path>
				<bool> True </bool>
				<real> 1 </real>
				<bool> False </bool>
				<vector2> 0, 0 </vector2>
				<real> 0 </real>
				<vector2> 1, 1 </vector2>
				<int> 2 </int>
				<resource  resource_type="Shape2D" path="local://1">  </resource>
				<matrix32> 1, -0, 0, 1.76469, 0.291992, -12.1587 </matrix32>
				<resource  resource_type="Shape2D" path="local://2">  </resource>
				<matrix32> 1, -0, 0, 1, 0, 0 </matrix32>
				<int> 1 </int>
				<real> 3 </real>
				<int> 0 </int>
				<int> 3 </int>
				<resource  resource_type="Script" path="res://player.gd">  </resource>
				<dictionary  shared="false">
					<string> "__editor_plugin_states__" </string>
					<dictionary  shared="false">
						<string> "Script" </string>
						<dictionary  shared="false">
							<string> "current" </string>
							<int> 0 </int>
							<string> "sources" </string>
							<array  len="1" shared="false">
								<string> "res://player.gd" </string>
							</array>
						</dictionary>
						<string> "2D" </string>
						<dictionary  shared="false">
							<string> "pixel_snap" </string>
							<bool> False </bool>
							<string> "zoom" </string>
							<real> 2.272073 </real>
							<string> "use_snap" </string>
							<bool> False </bool>
							<string> "ofs" </string>
							<vector2> -181.946, -86.2812 </vector2>
							<string> "snap" </string>
							<int> 10 </int>
						</dictionary>
						<string> "3D" </string>
						<dictionary  shared="false">
							<string> "deflight_rot_y" </string>
							<real> 0.628319 </real>
							<string> "zfar" </string>
							<real> 500 </real>
							<string> "fov" </string>
							<real> 45 </real>
							<string> "viewports" </string>
							<array  len="4" shared="false">
								<dictionary  shared="false">
									<string> "distance" </string>
									<real> 4 </real>
									<string> "x_rot" </string>
									<real> 0 </real>
									<string> "y_rot" </string>
									<real> 0 </real>
									<string> "listener" </string>
									<bool> True </bool>
									<string> "use_environment" </string>
									<bool> False </bool>
									<string> "use_orthogonal" </string>
									<bool> False </bool>
									<string> "pos" </string>
									<vector3> 0, 0, 0 </vector3>
								</dictionary>
								<dictionary  shared="false">
									<string> "distance" </string>
									<real> 4 </real>
									<string> "x_rot" </string>
									<real> 0 </real>
									<string> "y_rot" </string>
									<real> 0 </real>
									<string> "listener" </string>
									<bool> False </bool>
									<string> "use_environment" </string>
									<bool> False </bool>
									<string> "use_orthogonal" </string>
									<bool> False </bool>
									<string> "pos" </string>
									<vector3> 0, 0, 0 </vector3>
								</dictionary>
								<dictionary  shared="false">
									<string> "distance" </string>
									<real> 4 </real>
									<string> "x_rot" </string>
									<real> 0 </real>
									<string> "y_rot" </string>
									<real> 0 </real>
									<string> "listener" </string>
									<bool> False </bool>
									<string> "use_environment" </string>
									<bool> False </bool>
									<string> "use_orthogonal" </string>
									<bool> False </bool>
									<string> "pos" </string>
									<vector3> 0, 0, 0 </vector3>
								</dictionary>
								<dictionary  shared="false">
									<string> "distance" </string>
									<real> 4 </real>
									<string> "x_rot" </string>
									<real> 0 </real>
									<string> "y_rot" </string>
									<real> 0 </real>
									<string> "listener" </string>
									<bool> False </bool>
									<string> "use_environment" </string>
									<bool> False </bool>
									<string> "use_orthogonal" </string>
									<bool> False </bool>
									<string> "pos" </string>
									<vector3> 0, 0, 0 </vector3>
								</dictionary>
							</array>
							<string> "viewport_mode" </string>
							<int> 1 </int>
							<string> "default_light" </string>
							<bool> True </bool>
							<string> "ambient_light_color" </string>
							<color> 0.15, 0.15, 0.15, 1 </color>
							<string> "show_grid" </string>
							<bool> True </bool>
							<string> "show_origin" </string>
							<bool> True </bool>
							<string> "znear" </string>
							<real> 0.1 </real>
							<string> "default_srgb" </string>
							<bool> False </bool>
							<string> "deflight_rot_x" </string>
							<real> 0.942478 </real>
						</dictionary>
					</dictionary>
					<string> "__editor_run_settings__" </string>
					<dictionary  shared="false">
						<string> "custom_args" </string>
						<string> "-l $scene" </string>
						<string> "run_mode" </string>
						<int> 0 </int>
					</dictionary>
					<string> "__editor_plugin_screen__" </string>
					<string> "Script" </string>
				</dictionary>
				<resource  resource_type="Texture" path="res://robot_demo.png">  </resource>
				<int> 16 </int>
				<color> 1, 1, 1, 1 </color>
				<rect2> 0, 0, 0, 0 </rect2>
				<real> 0.363636 </real>
				<vector2> 20.7312, 3.21187 </vector2>
				<real> 83.450417 </real>
				<int> 4 </int>
				<real> 0.3 </real>
				<real> 0.1 </real>
				<resource  resource_type="Texture" path="res://bullet.png">  </resource>
				<real> 180 </real>
				<real> 20 </real>
				<real> 9.8 </real>
				<real> 2 </real>
				<color> 0, 0, 0, 0.0442478 </color>
				<color> 1, 0, 0, 1 </color>
				<color> 0, 0, 0, 1 </color>
				<vector2_array  len="0"> 					 </vector2_array>
				<node_path> ".." </node_path>
				<resource  resource_type="Animation" path="local://3">  </resource>
				<resource  resource_type="Animation" path="local://4">  </resource>
				<resource  resource_type="Animation" path="local://5">  </resource>
				<resource  resource_type="Animation" path="local://6">  </resource>
				<resource  resource_type="Animation" path="local://7">  </resource>
				<resource  resource_type="Animation" path="local://8">  </resource>
				<resource  resource_type="Animation" path="local://9">  </resource>
				<resource  resource_type="Animation" path="local://10">  </resource>
				<resource  resource_type="Animation" path="local://11">  </resource>
				<resource  resource_type="Animation" path="local://12">  </resource>
				<array  len="0" shared="false">
				</array>
				<string> "" </string>
				<int> 10000000 </int>
				<real> 0.2 </real>
				<vector2> 31.2428, 4.08784 </vector2>
				<vector2> 0.291992, -12.1587 </vector2>
				<vector2> 1, 1.76469 </vector2>
				<resource  resource_type="SampleLibrary" path="local://13">  </resource>
				<nil>  </nil>
				<vector2_array  len="3"> 					-0.138023, 16.5036, -19.902, -24.8691, 19.3625, -24.6056 </vector2_array>
				<vector2> 27.7593, 360.87 </vector2>
				<vector2> 1.49157, 1.46265 </vector2>
				<resource  resource_type="Texture" path="res://osb_left.png">  </resource>
				<resource name=""></resource>				<string> "move_left" </string>
				<vector2> 121.542, 361.415 </vector2>
				<resource  resource_type="Texture" path="res://osb_right.png">  </resource>
				<string> "move_right" </string>
				<vector2> 666.224, 359.02 </vector2>
				<resource  resource_type="Texture" path="res://osb_jump.png">  </resource>
				<string> "jump" </string>
				<vector2> 668.073, 262.788 </vector2>
				<resource  resource_type="Texture" path="res://osb_fire.png">  </resource>
				<string> "shoot" </string>
			</array>
			<string> "nodes" </string>
			<int_array  len="618"> 				-1, -1, 1, 0, -1, 30, 2, 0, 3, 1, 4, 2, 5, 2, 6, 3, 7, 4, 8, 5, 9, 6, 10, 7, 11, 8, 12, 9, 13, 3, 14, 10, 15, 11, 16, 3, 17, 12, 18, 7, 19, 13, 20, 5, 21, 5, 22, 1, 23, 14, 24, 15, 25, 3, 26, 3, 27, 1, 28, 4, 29, 5, 30, 16, 31, 17, 0, 0, 0, 33, 32, -1, 19, 2, 0, 3, 1, 4, 2, 5, 2, 6, 3, 7, 4, 8, 5, 9, 6, 34, 18, 35, 1, 36, 4, 37, 3, 38, 3, 39, 7, 40, 19, 41, 14, 42, 20, 43, 3, 44, 21, 0, 1, 0, 46, 45, -1, 66, 2, 0, 3, 1, 4, 2, 5, 22, 6, 3, 47, 12, 7, 23, 8, 24, 9, 6, 48, 25, 49, 26, 50, 2, 51, 5, 52, 26, 53, 3, 54, 4, 55, 4, 56, 3, 57, 27, 58, 3, 59, 3, 60, 28, 61, 12, 62, 12, 63, 5, 64, 29, 65, 30, 66, 2, 67, 5, 68, 5, 69, 31, 70, 5, 71, 5, 72, 5, 73, 5, 74, 32, 75, 32, 76, 5, 77, 2, 78, 5, 79, 5, 80, 5, 81, 5, 82, 32, 83, 5, 84, 5, 85, 5, 86, 5, 87, 5, 88, 5, 89, 5, 90, 5, 91, 5, 92, 5, 93, 5, 94, 5, 95, 7, 96, 5, 97, 20, 98, 2, 99, 33, 100, 2, 101, 34, 102, 2, 103, 35, 104, 36, 0, 0, 0, 106, 105, -1, 18, 2, 0, 107, 12, 108, 5, 109, 37, 110, 38, 111, 39, 112, 40, 113, 41, 114, 42, 115, 43, 116, 44, 117, 45, 118, 46, 119, 47, 120, 1, 121, 32, 122, 48, 123, 49, 0, 0, 0, 125, 124, -1, 23, 2, 0, 3, 1, 4, 2, 5, 2, 6, 3, 7, 4, 8, 5, 9, 6, 35, 1, 126, 3, 127, 1, 128, 5, 129, 6, 130, 14, 131, 14, 132, 50, 133, 50, 134, 1, 135, 1, 136, 51, 137, 51, 138, 51, 139, 51, 0, 0, 0, 141, 140, -1, 8, 2, 0, 3, 1, 4, 2, 5, 2, 6, 3, 7, 52, 8, 5, 9, 6, 0, 0, 0, 142, 142, -1, 10, 2, 0, 3, 1, 4, 2, 5, 2, 6, 3, 7, 53, 8, 5, 9, 54, 143, 8, 144, 3, 0, 0, 0, 146, 145, -1, 15, 2, 0, 147, 15, 148, 55, 149, 5, 150, 2, 151, 5, 152, 5, 153, 5, 154, 56, 155, 56, 156, 56, 157, 56, 158, 7, 159, 5, 160, 5, 0, 0, 0, 161, 161, -1, 10, 2, 0, 3, 1, 4, 2, 5, 2, 6, 3, 7, 4, 8, 5, 9, 6, 162, 14, 163, 57, 0, 0, 0, 165, 164, -1, 5, 2, 0, 166, 14, 36, 4, 167, 5, 168, 6, 0, 9, 0, 170, 169, -1, 14, 2, 0, 3, 1, 4, 2, 5, 2, 6, 3, 7, 58, 8, 5, 9, 59, 171, 60, 172, 61, 173, 61, 174, 1, 175, 62, 176, 12, 0, 9, 0, 170, 177, -1, 14, 2, 0, 3, 1, 4, 2, 5, 2, 6, 3, 7, 63, 8, 5, 9, 59, 171, 64, 172, 61, 173, 61, 174, 1, 175, 65, 176, 12, 0, 9, 0, 170, 178, -1, 14, 2, 0, 3, 1, 4, 2, 5, 2, 6, 3, 7, 66, 8, 5, 9, 59, 171, 67, 172, 61, 173, 61, 174, 3, 175, 68, 176, 12, 0, 9, 0, 170, 179, -1, 14, 2, 0, 3, 1, 4, 2, 5, 2, 6, 3, 7, 69, 8, 5, 9, 59, 171, 70, 172, 61, 173, 61, 174, 3, 175, 71, 176, 12, 0 </int_array>
			<string> "conns" </string>
			<int_array  len="0"> 				 </int_array>
		</dictionary>

	</main_resource>
</resource_file>