<?xml version="1.0" encoding="UTF-8" ?>
<resource_file type="PackedScene" subresource_count="9" version="1.0" version_name="Godot Engine v1.0.stable.custom_build">
	<ext_resource path="res://music.ogg" type="AudioStream"></ext_resource>
	<ext_resource path="res://tileset.xml" type="TileSet"></ext_resource>
	<ext_resource path="res://parallax_bg.xml" type="PackedScene"></ext_resource>
	<ext_resource path="res://player.xml" type="PackedScene"></ext_resource>
	<ext_resource path="res://moving_platform.xml" type="PackedScene"></ext_resource>
	<ext_resource path="res://seesaw.xml" type="PackedScene"></ext_resource>
	<ext_resource path="res://coin.xml" type="PackedScene"></ext_resource>
	<ext_resource path="res://enemy.xml" type="PackedScene"></ext_resource>
	<main_resource>
		<dictionary name="_bundled" shared="false">
			<string> "names" </string>
			<string_array  len="130">
				<string> "stage" </string>
				<string> "Node" </string>
				<string> "_import_path" </string>
				<string> "__meta__" </string>
				<string> "tile_map" </string>
				<string> "TileMap" </string>
				<string> "visibility/visible" </string>
				<string> "visibility/opacity" </string>
				<string> "visibility/self_opacity" </string>
				<string> "visibility/light_mask" </string>
				<string> "transform/pos" </string>
				<string> "transform/rot" </string>
				<string> "transform/scale" </string>
				<string> "z/z" </string>
				<string> "z/relative" </string>
				<string> "mode" </string>
				<string> "tile_set" </string>
				<string> "cell/size" </string>
				<string> "cell/quadrant_size" </string>
				<string> "cell/custom_transform" </string>
				<string> "cell/half_offset" </string>
				<string> "cell/tile_origin" </string>
				<string> "cell/y_sort" </string>
				<string> "collision/use_kinematic" </string>
				<string> "collision/friction" </string>
				<string> "collision/bounce" </string>
				<string> "collision/layers" </string>
				<string> "tile_data" </string>
				<string> "coins" </string>
				<string> "coin" </string>
				<string> "Area2D" </string>
				<string> "coin 2" </string>
				<string> "coin 3" </string>
				<string> "coin 4" </string>
				<string> "coin 5" </string>
				<string> "coin 6" </string>
				<string> "coin 7" </string>
				<string> "coin 8" </string>
				<string> "coin 9" </string>
				<string> "coin 10" </string>
				<string> "coin 11" </string>
				<string> "coin 12" </string>
				<string> "coin 13" </string>
				<string> "coin 14" </string>
				<string> "coin 15" </string>
				<string> "coin 16" </string>
				<string> "coin 17" </string>
				<string> "coin 18" </string>
				<string> "coin 19" </string>
				<string> "coin 20" </string>
				<string> "coin 21" </string>
				<string> "coin 22" </string>
				<string> "coin 23" </string>
				<string> "coin 24" </string>
				<string> "coin 25" </string>
				<string> "coin 26" </string>
				<string> "coin 27" </string>
				<string> "coin 28" </string>
				<string> "coin 29" </string>
				<string> "coin 30" </string>
				<string> "coin 31" </string>
				<string> "coin 31 2" </string>
				<string> "coin 31 3" </string>
				<string> "coin 31 4" </string>
				<string> "coin 31 5" </string>
				<string> "coin 31 6" </string>
				<string> "coin 32" </string>
				<string> "coin 31 7" </string>
				<string> "coin 31 7 2" </string>
				<string> "coin 31 7 3" </string>
				<string> "coin 31 7 4" </string>
				<string> "coin 31 7 5" </string>
				<string> "player" </string>
				<string> "RigidBody2D" </string>
				<string> "props" </string>
				<string> "moving_platform" </string>
				<string> "Node2D" </string>
				<string> "motion" </string>
				<string> "cycle" </string>
				<string> "moving_platform 2" </string>
				<string> "moving_platform 3" </string>
				<string> "seesaw" </string>
				<string> "music" </string>
				<string> "StreamPlayer" </string>
				<string> "stream/stream" </string>
				<string> "stream/play" </string>
				<string> "stream/loop" </string>
				<string> "stream/volume_db" </string>
				<string> "stream/autoplay" </string>
				<string> "stream/paused" </string>
				<string> "enemies" </string>
				<string> "enemy 5" </string>
				<string> "enemy 6" </string>
				<string> "enemy 7" </string>
				<string> "enemy 8" </string>
				<string> "enemy 9" </string>
				<string> "enemy 10" </string>
				<string> "enemy 11" </string>
				<string> "enemy 12" </string>
				<string> "enemy 13" </string>
				<string> "enemy 14" </string>
				<string> "enemy 15" </string>
				<string> "parallax_bg" </string>
				<string> "ParallaxBackground" </string>
				<string> "Label" </string>
				<string> "margin/left" </string>
				<string> "margin/top" </string>
				<string> "margin/right" </string>
				<string> "margin/bottom" </string>
				<string> "focus_neighbour/left" </string>
				<string> "focus_neighbour/top" </string>
				<string> "focus_neighbour/right" </string>
				<string> "focus_neighbour/bottom" </string>
				<string> "focus/ignore_mouse" </string>
				<string> "focus/stop_mouse" </string>
				<string> "size_flags/horizontal" </string>
				<string> "size_flags/stretch_ratio" </string>
				<string> "range/min" </string>
				<string> "range/max" </string>
				<string> "range/step" </string>
				<string> "range/page" </string>
				<string> "range/value" </string>
				<string> "range/exp_edit" </string>
				<string> "rounded_values" </string>
				<string> "text" </string>
				<string> "align" </string>
				<string> "valign" </string>
				<string> "autowrap" </string>
				<string> "uppercase" </string>
				<string> "percent_visible" </string>
			</string_array>
			<string> "version" </string>
			<int> 1 </int>
			<string> "conn_count" </string>
			<int> 0 </int>
			<string> "node_count" </string>
			<int> 66 </int>
			<string> "variants" </string>
			<array  len="103" shared="false">
				<node_path> "" </node_path>
				<dictionary  shared="false">
					<string> "__editor_plugin_states__" </string>
					<dictionary  shared="false">
						<string> "Script" </string>
						<dictionary  shared="false">
							<string> "current" </string>
							<int> 2 </int>
							<string> "sources" </string>
							<array  len="4" shared="false">
								<string> "res://moving_platform.gd" </string>
								<string> "res://enemy.gd" </string>
								<string> "res://player.gd" </string>
								<string> "res://coin.gd" </string>
							</array>
						</dictionary>
						<string> "2D" </string>
						<dictionary  shared="false">
							<string> "pixel_snap" </string>
							<bool> False </bool>
							<string> "zoom" </string>
							<real> 0.814506 </real>
							<string> "use_snap" </string>
							<bool> False </bool>
							<string> "snap_vec" </string>
							<vector2> 10, 10 </vector2>
							<string> "ofs" </string>
							<vector2> 177.488, 709.633 </vector2>
						</dictionary>
						<string> "3D" </string>
						<dictionary  shared="false">
							<string> "deflight_rot_y" </string>
							<real> 0.628319 </real>
							<string> "zfar" </string>
							<real> 500 </real>
							<string> "fov" </string>
							<real> 45 </real>
							<string> "viewports" </string>
							<array  len="4" shared="false">
								<dictionary  shared="false">
									<string> "distance" </string>
									<real> 4 </real>
									<string> "x_rot" </string>
									<real> 0 </real>
									<string> "y_rot" </string>
									<real> 0 </real>
									<string> "listener" </string>
									<bool> True </bool>
									<string> "use_environment" </string>
									<bool> False </bool>
									<string> "use_orthogonal" </string>
									<bool> False </bool>
									<string> "pos" </string>
									<vector3> 0, 0, 0 </vector3>
								</dictionary>
								<dictionary  shared="false">
									<string> "distance" </string>
									<real> 4 </real>
									<string> "x_rot" </string>
									<real> 0 </real>
									<string> "y_rot" </string>
									<real> 0 </real>
									<string> "listener" </string>
									<bool> False </bool>
									<string> "use_environment" </string>
									<bool> False </bool>
									<string> "use_orthogonal" </string>
									<bool> False </bool>
									<string> "pos" </string>
									<vector3> 0, 0, 0 </vector3>
								</dictionary>
								<dictionary  shared="false">
									<string> "distance" </string>
									<real> 4 </real>
									<string> "x_rot" </string>
									<real> 0 </real>
									<string> "y_rot" </string>
									<real> 0 </real>
									<string> "listener" </string>
									<bool> False </bool>
									<string> "use_environment" </string>
									<bool> False </bool>
									<string> "use_orthogonal" </string>
									<bool> False </bool>
									<string> "pos" </string>
									<vector3> 0, 0, 0 </vector3>
								</dictionary>
								<dictionary  shared="false">
									<string> "distance" </string>
									<real> 4 </real>
									<string> "x_rot" </string>
									<real> 0 </real>
									<string> "y_rot" </string>
									<real> 0 </real>
									<string> "listener" </string>
									<bool> False </bool>
									<string> "use_environment" </string>
									<bool> False </bool>
									<string> "use_orthogonal" </string>
									<bool> False </bool>
									<string> "pos" </string>
									<vector3> 0, 0, 0 </vector3>
								</dictionary>
							</array>
							<string> "viewport_mode" </string>
							<int> 1 </int>
							<string> "default_light" </string>
							<bool> True </bool>
							<string> "ambient_light_color" </string>
							<color> 0.15, 0.15, 0.15, 1 </color>
							<string> "show_grid" </string>
							<bool> True </bool>
							<string> "show_origin" </string>
							<bool> True </bool>
							<string> "znear" </string>
							<real> 0.1 </real>
							<string> "default_srgb" </string>
							<bool> False </bool>
							<string> "deflight_rot_x" </string>
							<real> 0.942478 </real>
						</dictionary>
					</dictionary>
					<string> "__editor_run_settings__" </string>
					<dictionary  shared="false">
						<string> "custom_args" </string>
						<string> "-l $scene" </string>
						<string> "run_mode" </string>
						<int> 0 </int>
					</dictionary>
					<string> "__editor_plugin_screen__" </string>
					<string> "3D" </string>
				</dictionary>
				<bool> True </bool>
				<real> 1 </real>
				<int> 1 </int>
				<vector2> 0, 0 </vector2>
				<real> 0 </real>
				<vector2> 1, 1 </vector2>
				<int> 0 </int>
				<resource  resource_type="TileSet" path="res://tileset.xml">  </resource>
				<vector2> 64, 64 </vector2>
				<int> 8 </int>
				<matrix32> 1, 0, 0, 1, 0, 0 </matrix32>
				<int> 2 </int>
				<bool> False </bool>
				<int_array  len="1998"> 					0, 2, 70, 536870914, 71, 10, 72, 10, 73, 10, 74, 10, 75, 10, 76, 10, 77, 10, 78, 10, 65536, 2, 65606, 536870914, 65607, 10, 65608, 10, 65609, 10, 65610, 10, 65611, 10, 65612, 10, 65613, 10, 65614, 10, 131072, 2, 131142, 536870914, 131143, 10, 131144, 10, 131145, 10, 131146, 10, 131147, 10, 131148, 10, 131149, 10, 131150, 10, 196608, 2, 196626, 9, 196678, 536870914, 196679, 10, 196680, 10, 196681, 10, 196682, 10, 196683, 10, 196684, 10, 196685, 10, 196686, 10, 262144, 2, 262162, 8, 262214, 536870914, 262215, 10, 262216, 10, 262217, 10, 262218, 10, 262219, 10, 262220, 10, 262221, 10, 262222, 10, 327680, 2, 327697, 536870921, 327698, 7, 327733, 9, 327750, 536870914, 327751, 10, 327752, 10, 327753, 10, 327754, 10, 327755, 10, 327756, 10, 327757, 10, 327758, 10, 393216, 2, 393233, 536870920, 393234, 7, 393257, 9, 393269, 7, 393286, 536870914, 393287, 10, 393288, 10, 393289, 10, 393290, 10, 393291, 10, 393292, 10, 393293, 10, 393294, 10, 458752, 2, 458769, 7, 458770, 8, 458790, 9, 458793, 8, 458805, 8, 458822, 536870914, 458823, 10, 458824, 10, 458825, 10, 458826, 10, 458827, 10, 458828, 10, 458829, 10, 458830, 10, 524288, 4, 524289, 1, 524304, 536870913, 524305, 536870918, 524306, 6, 524307, 5, 524308, 1, 524326, 8, 524329, 7, 524341, 7, 524358, 536870914, 524359, 10, 524360, 10, 524361, 10, 524362, 10, 524363, 10, 524364, 10, 524365, 10, 524366, 10, 589824, 10, 589825, 13, 589840, 536870914, 589841, 10, 589842, 10, 589843, 10, 589844, 2, 589862, 7, 589865, 7, 589876, 536870913, 589877, 6, 589878, 1, 589894, 536870914, 589895, 10, 589896, 10, 589897, 10, 589898, 10, 589899, 10, 589900, 10, 589901, 10, 589902, 10, 655360, 2, 655376, 536870914, 655377, 10, 655378, 10, 655379, 10, 655380, 2, 655398, 7, 655401, 8, 655412, 536870925, 655413, 11, 655414, 13, 655430, 536870914, 655431, 10, 655432, 10, 655433, 10, 655434, 10, 655435, 10, 655436, 10, 655437, 10, 655438, 10, 720896, 2, 720912, 536870914, 720913, 10, 720914, 10, 720915, 10, 720916, 2, 720934, 8, 720937, 7, 720958, 536870913, 720959, 5, 720960, 536870917, 720961, 5, 720962, 5, 720963, 536870917, 720964, 5, 720965, 0, 720966, 536870916, 720967, 10, 720968, 10, 720969, 10, 720970, 10, 720971, 10, 720972, 10, 720973, 10, 720974, 10, 786432, 2, 786437, 9, 786448, 536870914, 786449, 10, 786450, 10, 786451, 10, 786452, 2, 786464, 536870913, 786465, 1, 786470, 7, 786473, 7, 786474, 536870924, 786475, 1, 786494, 536870914, 786495, 10, 786496, 10, 786497, 10, 786498, 10, 786499, 10, 786500, 10, 786501, 10, 786502, 10, 786503, 10, 786504, 10, 786505, 10, 786506, 10, 786507, 10, 786508, 10, 786509, 10, 851968, 2, 851973, 7, 851984, 536870914, 851985, 10, 851986, 10, 851987, 10, 851988, 2, 851996, 536870913, 851997, 1, 852000, 536870914, 852001, 3, 852006, 7, 852009, 536870913, 852011, 2, 852030, 536870914, 852031, 10, 852032, 10, 852033, 10, 852034, 10, 852035, 10, 852036, 10, 852037, 10, 852038, 10, 852039, 10, 852040, 10, 852041, 10, 852042, 10, 852043, 10, 852044, 10, 852045, 10, 917504, 2, 917506, 9, 917509, 7, 917512, 536870921, 917520, 536870925, 917521, 11, 917522, 11, 917523, 11, 917524, 13, 917532, 536870925, 917533, 13, 917536, 536870914, 917537, 4, 917538, 1, 917540, 536870913, 917541, 0, 917542, 1, 917545, 536870914, 917546, 10, 917547, 4, 917548, 1, 917566, 536870914, 917567, 10, 917568, 10, 917569, 10, 917570, 10, 917571, 10, 917572, 10, 917573, 10, 917574, 10, 917575, 10, 917576, 10, 917577, 10, 917578, 10, 917579, 10, 917580, 10, 917581, 10, 983040, 2, 983042, 7, 983045, 7, 983048, 536870920, 983050, 536870913, 983051, 1, 983064, 536870913, 983065, 1, 983072, 536870914, 983073, 10, 983074, 4, 983075, 0, 983076, 536870916, 983077, 10, 983078, 4, 983079, 536870912, 983080, 536870912, 983081, 536870916, 983082, 10, 983083, 10, 983084, 2, 983095, 9, 983102, 536870914, 983103, 10, 983104, 10, 983105, 10, 983106, 10, 983107, 10, 983108, 10, 983109, 10, 983110, 10, 983111, 10, 983112, 10, 983113, 10, 983114, 10, 983115, 10, 983116, 10, 983117, 10, 1048576, 2, 1048578, 8, 1048581, 8, 1048584, 536870919, 1048586, 536870925, 1048587, 13, 1048600, 536870925, 1048601, 13, 1048604, 9, 1048608, 536870925, 1048609, 536870923, 1048610, 536870923, 1048611, 536870923, 1048612, 10, 1048613, 10, 1048614, 10, 1048615, 10, 1048616, 10, 1048617, 10, 1048618, 10, 1048619, 10, 1048620, 4, 1048621, 1, 1048630, 536870921, 1048631, 8, 1048638, 536870914, 1048639, 10, 1048640, 10, 1048641, 10, 1048642, 10, 1048643, 10, 1048644, 10, 1048645, 10, 1048646, 10, 1048647, 10, 1048648, 10, 1048649, 10, 1048650, 10, 1048651, 10, 1048652, 10, 1048653, 10, 1114112, 4, 1114113, 0, 1114114, 6, 1114115, 0, 1114116, 0, 1114117, 6, 1114118, 1, 1114120, 536870920, 1114128, 536870913, 1114129, 5, 1114130, 536870917, 1114131, 5, 1114132, 0, 1114133, 1, 1114140, 7, 1114141, 536870921, 1114148, 536870914, 1114149, 10, 1114150, 10, 1114151, 10, 1114152, 10, 1114153, 10, 1114154, 10, 1114155, 10, 1114156, 10, 1114157, 2, 1114166, 536870920, 1114167, 8, 1114174, 536870914, 1114175, 10, 1114176, 10, 1114177, 10, 1114178, 10, 1114179, 10, 1114180, 10, 1114181, 10, 1114182, 10, 1114183, 10, 1114184, 10, 1114185, 10, 1114186, 10, 1114187, 10, 1114188, 10, 1179648, 10, 1179649, 10, 1179650, 10, 1179651, 10, 1179652, 10, 1179653, 10, 1179654, 2, 1179656, 536870919, 1179663, 536870915, 1179665, 10, 1179666, 10, 1179667, 10, 1179668, 10, 1179669, 4, 1179670, 12, 1179675, 9, 1179676, 8, 1179677, 8, 1179684, 536870914, 1179685, 10, 1179686, 10, 1179687, 10, 1179688, 10, 1179689, 10, 1179690, 10, 1179691, 10, 1179692, 10, 1179693, 4, 1179694, 1, 1179701, 9, 1179702, 536870919, 1179703, 7, 1179710, 536870914, 1179711, 10, 1179712, 10, 1179713, 10, 1179714, 10, 1179715, 10, 1179716, 10, 1179717, 10, 1179718, 10, 1179719, 10, 1179720, 10, 1179721, 10, 1179722, 10, 1245184, 10, 1245185, 10, 1245186, 10, 1245187, 10, 1245188, 10, 1245189, 10, 1245190, 2, 1245192, 536870919, 1245199, 536870913, 1245200, 536870916, 1245201, 10, 1245202, 10, 1245203, 10, 1245204, 10, 1245205, 10, 1245207, 1, 1245211, 7, 1245212, 7, 1245213, 536870920, 1245220, 536870914, 1245221, 10, 1245222, 10, 1245223, 10, 1245224, 10, 1245225, 10, 1245226, 10, 1245227, 10, 1245228, 10, 1245229, 10, 1245230, 2, 1245237, 8, 1245238, 536870919, 1245239, 8, 1245240, 536870921, 1245246, 536870914, 1245247, 10, 1245248, 10, 1245249, 10, 1245250, 10, 1245251, 10, 1245252, 10, 1245253, 10, 1245254, 10, 1245255, 10, 1245256, 10, 1245257, 10, 1245258, 10, 1310720, 10, 1310721, 10, 1310722, 10, 1310723, 10, 1310724, 10, 1310725, 10, 1310726, 2, 1310728, 536870920, 1310730, 536870913, 1310731, 1, 1310734, 536870913, 1310735, 536870916, 1310736, 10, 1310737, 10, 1310738, 10, 1310739, 10, 1310740, 10, 1310741, 10, 1310742, 10, 1310743, 4, 1310744, 1, 1310747, 8, 1310748, 7, 1310749, 536870919, 1310756, 536870914, 1310757, 10, 1310758, 10, 1310759, 10, 1310760, 10, 1310761, 10, 1310762, 10, 1310763, 10, 1310764, 10, 1310765, 10, 1310766, 4, 1310767, 5, 1310768, 12, 1310773, 7, 1310774, 536870919, 1310775, 7, 1310776, 536870919, 1310782, 536870914, 1310783, 10, 1310784, 10, 1310785, 10, 1310786, 10, 1310787, 10, 1310788, 10, 1310789, 10, 1310790, 10, 1310791, 10, 1310792, 10, 1310793, 10, 1376256, 10, 1376257, 10, 1376258, 10, 1376259, 10, 1376260, 10, 1376261, 10, 1376262, 4, 1376263, 0, 1376264, 0, 1376265, 0, 1376266, 536870916, 1376267, 4, 1376268, 0, 1376269, 0, 1376270, 536870916, 1376271, 10, 1376272, 10, 1376273, 10, 1376274, 10, 1376275, 10, 1376276, 10, 1376277, 10, 1376278, 10, 1376279, 10, 1376280, 4, 1376281, 12, 1376283, 8, 1376284, 8, 1376285, 536870920, 1376287, 536870924, 1376288, 0, 1376289, 5, 1376290, 536870917, 1376291, 0, 1376292, 536870916, 1376293, 10, 1376294, 10, 1376295, 10, 1376296, 10, 1376297, 10, 1376298, 10, 1376299, 10, 1376300, 10, 1376301, 10, 1376302, 10, 1376303, 10, 1376305, 12, 1376309, 7, 1376310, 536870920, 1376311, 7, 1376312, 536870920, 1376318, 536870914, 1376319, 10, 1376320, 10, 1376321, 10, 1376322, 10, 1376323, 10, 1376324, 10, 1376325, 10, 1376326, 10, 1376327, 10, 1376328, 10, 1441792, 10, 1441793, 10, 1441794, 10, 1441795, 10, 1441796, 10, 1441797, 10, 1441798, 10, 1441799, 10, 1441800, 10, 1441801, 10, 1441802, 10, 1441803, 10, 1441804, 10, 1441805, 10, 1441806, 10, 1441807, 10, 1441808, 10, 1441809, 10, 1441810, 10, 1441811, 10, 1441812, 10, 1441813, 10, 1441814, 10, 1441815, 10, 1441816, 10, 1441818, 0, 1441819, 6, 1441820, 6, 1441821, 536870918, 1441822, 5, 1441824, 10, 1441825, 10, 1441826, 10, 1441827, 10, 1441828, 10, 1441829, 10, 1441830, 10, 1441831, 10, 1441832, 10, 1441833, 10, 1441834, 10, 1441835, 10, 1441836, 10, 1441837, 10, 1441838, 10, 1441839, 10, 1441840, 10, 1441842, 0, 1441843, 0, 1441844, 0, 1441845, 6, 1441846, 536870918, 1441847, 6, 1441848, 536870918, 1441849, 0, 1441850, 5, 1441851, 536870917, 1441852, 5, 1441853, 0, 1441854, 536870916, 1441855, 10, 1441856, 10, 1441857, 10, 1441858, 10, 1441859, 10, 1441860, 10, 1441861, 10, 1441862, 10, 1441863, 10, 1507328, 10, 1507329, 10, 1507330, 10, 1507331, 10, 1507332, 10, 1507333, 10, 1507334, 10, 1507335, 10, 1507336, 10, 1507337, 10, 1507338, 10, 1507339, 10, 1507340, 10, 1507341, 10, 1507342, 10, 1507343, 10, 1507344, 10, 1507345, 10, 1507346, 10, 1507347, 10, 1507348, 10, 1507349, 10, 1507350, 10, 1507351, 10, 1507352, 10, 1507353, 10, 1507354, 10, 1507355, 10, 1507356, 10, 1507357, 10, 1507358, 10, 1507359, 10, 1507360, 10, 1507361, 10, 1507362, 10, 1507363, 10, 1507364, 10, 1507365, 10, 1507366, 10, 1507367, 10, 1507368, 10, 1507369, 10, 1507370, 10, 1507371, 10, 1507372, 10, 1507373, 10, 1507374, 10, 1507375, 10, 1507376, 10, 1507377, 10, 1507378, 10, 1507379, 10, 1507380, 10, 1507381, 10, 1507382, 10, 1507383, 10, 1507384, 10, 1507385, 10, 1507386, 10, 1507387, 10, 1507388, 10, 1507389, 10, 1507390, 10, 1507391, 10, 1507392, 10, 1507393, 10, 1507394, 10, 1507395, 10, 1507396, 10, 1507397, 10, 1507398, 10, 1507399, 10, 1572864, 10, 1572865, 10, 1572866, 10, 1572867, 10, 1572868, 10, 1572869, 10, 1572870, 10, 1572871, 10, 1572872, 10, 1572873, 10, 1572874, 10, 1572875, 10, 1572876, 10, 1572877, 10, 1572878, 10, 1572879, 10, 1572880, 10, 1572881, 10, 1572882, 10, 1572883, 10, 1572884, 10, 1572885, 10, 1572886, 10, 1572887, 10, 1572888, 10, 1572889, 10, 1572890, 10, 1572891, 10, 1572892, 10, 1572893, 10, 1572894, 10, 1572895, 10, 1572896, 10, 1572897, 10, 1572898, 10, 1572899, 10, 1572900, 10, 1572901, 10, 1572902, 10, 1572903, 10, 1572904, 10, 1572905, 10, 1572906, 10, 1572907, 10, 1572908, 10, 1572909, 10, 1572910, 10, 1572911, 10, 1572912, 10, 1572913, 10, 1572914, 10, 1572915, 10, 1572916, 10, 1572917, 10, 1572918, 10, 1572919, 10, 1572920, 10, 1572921, 10, 1572922, 10, 1572923, 10, 1572924, 10, 1572925, 10, 1572926, 10, 1572927, 10, 1572928, 10, 1572929, 10, 1572930, 10, 1572931, 10, 1572932, 10, 1572933, 10, 1572934, 10, 1572935, 10, 1638400, 10, 1638401, 10, 1638402, 10, 1638403, 10, 1638404, 10, 1638405, 10, 1638406, 10, 1638407, 10, 1638408, 10, 1638409, 10, 1638410, 10, 1638411, 10, 1638412, 10, 1638413, 10, 1638414, 10, 1638415, 10, 1638416, 10, 1638417, 10, 1638418, 10, 1638419, 10, 1638420, 10, 1638421, 10, 1638422, 10, 1638423, 10, 1638424, 10, 1638425, 10, 1638426, 10, 1638427, 10, 1638428, 10, 1638429, 10, 1638430, 10, 1638431, 10, 1638432, 10, 1638433, 10, 1638434, 10, 1638435, 10, 1638436, 10, 1638437, 10, 1638438, 10, 1638439, 10, 1638440, 10, 1638441, 10, 1638442, 10, 1638443, 10, 1638444, 10, 1638445, 10, 1638446, 10, 1638447, 10, 1638448, 10, 1638449, 10, 1638450, 10, 1638451, 10, 1638452, 10, 1638453, 10, 1638454, 10, 1638455, 10, 1638456, 10, 1638457, 10, 1638458, 10, 1638459, 10, 1638460, 10, 1638461, 10, 1638462, 10, 1638463, 10, 1638464, 10, 1638465, 10, 1638466, 10, 1638467, 10, 1638468, 10, 1638469, 10, 1638470, 10, 1638471, 10, 1703952, 10, 1703953, 10, 1703954, 10, 1703955, 10, 1703956, 10, 1703957, 10, 1703958, 10, 1703959, 10, 1703960, 10, 1703961, 10, 1703962, 10, 1703963, 10, 1703964, 10, 1703965, 10, 1703966, 10, 1703967, 10, 1703968, 10, 1703969, 10, 1703970, 10, 1703971, 10, 1703972, 10, 1703973, 10, 1703974, 10, 1703975, 10, 1703976, 10, 1703977, 10, 1703978, 10, 1703979, 10, 1703980, 10, 1703981, 10, 1703982, 10, 1703983, 10, 1703984, 10, 1703985, 10, 1703986, 10, 1703987, 10, 1703988, 10, 1703989, 10, 1703990, 10, 1703991, 10, 1703992, 10, 1703993, 10, 1703994, 10, 1703995, 10, 1703996, 10, 1703997, 10, 1703998, 10, 1703999, 10, 1704000, 10, 1704001, 10, 1704002, 10, 1704003, 10, 1704004, 10, 1704005, 10, 1704006, 10, 1704007, 10, 1769488, 10, 1769489, 10, 1769490, 10, 1769491, 10, 1769492, 10, 1769493, 10, 1769494, 10, 1769495, 10, 1769496, 10, 1769497, 10, 1769498, 10, 1769499, 10, 1769500, 10, 1769501, 10, 1769502, 10, 1769503, 10, 1769504, 10, 1769505, 10, 1769506, 10, 1769507, 10, 1769508, 10, 1769509, 10, 1769510, 10, 1769511, 10, 1769512, 10, 1769513, 10, 1769514, 10, 1769515, 10, 1769516, 10, 1769517, 10, 1769518, 10, 1769519, 10, 1769520, 10, 1769521, 10, 1769522, 10, 1769523, 10, 1769524, 10, 1769525, 10, 1769526, 10, 1769527, 10, 1769528, 10, 1769529, 10, 1769530, 10, 1769531, 10, 1769532, 10, 1769533, 10, 1769534, 10, 1769535, 10, 1769536, 10, 1769537, 10, 1769538, 10, 1769539, 10, 1769540, 10, 1769541, 10 </int_array>
				<dictionary  shared="false">
					<string> "_edit_lock_" </string>
					<bool> True </bool>
				</dictionary>
				<dictionary  shared="false">
					<string> "_editor_collapsed" </string>
					<bool> True </bool>
				</dictionary>
				<resource  resource_type="PackedScene" path="res://coin.xml">  </resource>
				<vector2> 672, 1120 </vector2>
				<dictionary  shared="false">
					<string> "__editor_plugin_states__" </string>
					<dictionary  shared="false">
						<string> "Script" </string>
						<dictionary  shared="false">
							<string> "current" </string>
							<int> 2 </int>
							<string> "sources" </string>
							<array  len="3" shared="false">
								<string> "res://enemy.gd" </string>
								<string> "res://player.gd" </string>
								<string> "res://coin.gd" </string>
							</array>
						</dictionary>
						<string> "2D" </string>
						<dictionary  shared="false">
							<string> "pixel_snap" </string>
							<bool> False </bool>
							<string> "zoom" </string>
							<real> 3.794776 </real>
							<string> "ofs" </string>
							<vector2> -34.3697, -21.6562 </vector2>
						</dictionary>
						<string> "3D" </string>
						<dictionary  shared="false">
							<string> "fov" </string>
							<real> 45 </real>
							<string> "zfar" </string>
							<real> 500 </real>
							<string> "viewports" </string>
							<array  len="4" shared="false">
								<dictionary  shared="false">
									<string> "distance" </string>
									<real> 4 </real>
									<string> "x_rot" </string>
									<real> 0 </real>
									<string> "y_rot" </string>
									<real> 0 </real>
									<string> "use_orthogonal" </string>
									<bool> False </bool>
									<string> "use_environment" </string>
									<bool> False </bool>
									<string> "pos" </string>
									<vector3> 0, 0, 0 </vector3>
								</dictionary>
								<dictionary  shared="false">
									<string> "distance" </string>
									<real> 4 </real>
									<string> "x_rot" </string>
									<real> 0 </real>
									<string> "y_rot" </string>
									<real> 0 </real>
									<string> "use_orthogonal" </string>
									<bool> False </bool>
									<string> "use_environment" </string>
									<bool> False </bool>
									<string> "pos" </string>
									<vector3> 0, 0, 0 </vector3>
								</dictionary>
								<dictionary  shared="false">
									<string> "distance" </string>
									<real> 4 </real>
									<string> "x_rot" </string>
									<real> 0 </real>
									<string> "y_rot" </string>
									<real> 0 </real>
									<string> "use_orthogonal" </string>
									<bool> False </bool>
									<string> "use_environment" </string>
									<bool> False </bool>
									<string> "pos" </string>
									<vector3> 0, 0, 0 </vector3>
								</dictionary>
								<dictionary  shared="false">
									<string> "distance" </string>
									<real> 4 </real>
									<string> "x_rot" </string>
									<real> 0 </real>
									<string> "y_rot" </string>
									<real> 0 </real>
									<string> "use_orthogonal" </string>
									<bool> False </bool>
									<string> "use_environment" </string>
									<bool> False </bool>
									<string> "pos" </string>
									<vector3> 0, 0, 0 </vector3>
								</dictionary>
							</array>
							<string> "viewport_mode" </string>
							<int> 1 </int>
							<string> "default_light" </string>
							<bool> True </bool>
							<string> "show_grid" </string>
							<bool> True </bool>
							<string> "znear" </string>
							<real> 0.1 </real>
							<string> "show_origin" </string>
							<bool> True </bool>
						</dictionary>
					</dictionary>
					<string> "__editor_run_settings__" </string>
					<dictionary  shared="false">
						<string> "custom_args" </string>
						<string> "-l $scene" </string>
						<string> "run_mode" </string>
						<int> 0 </int>
					</dictionary>
					<string> "__editor_plugin_screen__" </string>
					<string> "2D" </string>
				</dictionary>
				<vector2> 704, 1120 </vector2>
				<vector2> 736, 1120 </vector2>
				<vector2> 1120, 992 </vector2>
				<vector2> 1152, 992 </vector2>
				<vector2> 1184, 992 </vector2>
				<vector2> 1216, 992 </vector2>
				<vector2> 1248, 992 </vector2>
				<vector2> 1568, 864 </vector2>
				<vector2> 1632, 864 </vector2>
				<vector2> 1824, 768 </vector2>
				<vector2> 1888, 768 </vector2>
				<vector2> 2080, 672 </vector2>
				<vector2> 2144, 672 </vector2>
				<vector2> 1792, 1248 </vector2>
				<vector2> 1856, 1248 </vector2>
				<vector2> 1920, 1248 </vector2>
				<vector2> 1920, 1184 </vector2>
				<vector2> 1856, 1184 </vector2>
				<vector2> 1792, 1184 </vector2>
				<vector2> 98.8868, 488.515 </vector2>
				<vector2> 89.5989, 481.217 </vector2>
				<vector2> 108.175, 481.217 </vector2>
				<vector2> 116.136, 469.939 </vector2>
				<vector2> 117.463, 457.997 </vector2>
				<vector2> 106.184, 449.373 </vector2>
				<vector2> 98.2234, 458.661 </vector2>
				<vector2> 88.272, 448.71 </vector2>
				<vector2> 79.6476, 457.334 </vector2>
				<vector2> 82.9647, 468.612 </vector2>
				<vector2> 3357.42, 465.288 </vector2>
				<vector2> 3421.42, 465.288 </vector2>
				<vector2> 3485.42, 465.288 </vector2>
				<vector2> 3485.42, 401.288 </vector2>
				<vector2> 3421.42, 401.288 </vector2>
				<vector2> 3357.42, 401.288 </vector2>
				<vector2> 4172.75, 605.058 </vector2>
				<vector2> 4236.75, 605.058 </vector2>
				<vector2> 4300.75, 605.058 </vector2>
				<vector2> 4300.75, 541.058 </vector2>
				<vector2> 4236.75, 541.058 </vector2>
				<vector2> 4172.75, 541.058 </vector2>
				<resource  resource_type="PackedScene" path="res://player.xml">  </resource>
				<vector2> 251.684, 1045.6 </vector2>
				<dictionary  shared="false">
					<string> "__editor_plugin_states__" </string>
					<dictionary  shared="false">
						<string> "Script" </string>
						<dictionary  shared="false">
							<string> "current" </string>
							<int> 0 </int>
							<string> "sources" </string>
							<array  len="1" shared="false">
								<string> "res://player.gd" </string>
							</array>
						</dictionary>
						<string> "2D" </string>
						<dictionary  shared="false">
							<string> "pixel_snap" </string>
							<bool> False </bool>
							<string> "zoom" </string>
							<real> 2.272073 </real>
							<string> "use_snap" </string>
							<bool> False </bool>
							<string> "ofs" </string>
							<vector2> -181.946, -86.2812 </vector2>
							<string> "snap" </string>
							<int> 10 </int>
						</dictionary>
						<string> "3D" </string>
						<dictionary  shared="false">
							<string> "fov" </string>
							<real> 45 </real>
							<string> "zfar" </string>
							<real> 500 </real>
							<string> "viewports" </string>
							<array  len="4" shared="false">
								<dictionary  shared="false">
									<string> "distance" </string>
									<real> 4 </real>
									<string> "x_rot" </string>
									<real> 0 </real>
									<string> "y_rot" </string>
									<real> 0 </real>
									<string> "listener" </string>
									<bool> True </bool>
									<string> "use_environment" </string>
									<bool> False </bool>
									<string> "use_orthogonal" </string>
									<bool> False </bool>
									<string> "pos" </string>
									<vector3> 0, 0, 0 </vector3>
								</dictionary>
								<dictionary  shared="false">
									<string> "distance" </string>
									<real> 4 </real>
									<string> "x_rot" </string>
									<real> 0 </real>
									<string> "y_rot" </string>
									<real> 0 </real>
									<string> "listener" </string>
									<bool> False </bool>
									<string> "use_environment" </string>
									<bool> False </bool>
									<string> "use_orthogonal" </string>
									<bool> False </bool>
									<string> "pos" </string>
									<vector3> 0, 0, 0 </vector3>
								</dictionary>
								<dictionary  shared="false">
									<string> "distance" </string>
									<real> 4 </real>
									<string> "x_rot" </string>
									<real> 0 </real>
									<string> "y_rot" </string>
									<real> 0 </real>
									<string> "listener" </string>
									<bool> False </bool>
									<string> "use_environment" </string>
									<bool> False </bool>
									<string> "use_orthogonal" </string>
									<bool> False </bool>
									<string> "pos" </string>
									<vector3> 0, 0, 0 </vector3>
								</dictionary>
								<dictionary  shared="false">
									<string> "distance" </string>
									<real> 4 </real>
									<string> "x_rot" </string>
									<real> 0 </real>
									<string> "y_rot" </string>
									<real> 0 </real>
									<string> "listener" </string>
									<bool> False </bool>
									<string> "use_environment" </string>
									<bool> False </bool>
									<string> "use_orthogonal" </string>
									<bool> False </bool>
									<string> "pos" </string>
									<vector3> 0, 0, 0 </vector3>
								</dictionary>
							</array>
							<string> "deflight_rot_y" </string>
							<real> 0.628319 </real>
							<string> "default_light" </string>
							<bool> True </bool>
							<string> "viewport_mode" </string>
							<int> 1 </int>
							<string> "ambient_light_color" </string>
							<color> 0.15, 0.15, 0.15, 1 </color>
							<string> "show_grid" </string>
							<bool> True </bool>
							<string> "znear" </string>
							<real> 0.1 </real>
							<string> "show_origin" </string>
							<bool> True </bool>
							<string> "deflight_rot_x" </string>
							<real> 0.942478 </real>
							<string> "default_srgb" </string>
							<bool> False </bool>
						</dictionary>
					</dictionary>
					<string> "__editor_run_settings__" </string>
					<dictionary  shared="false">
						<string> "custom_args" </string>
						<string> "-l $scene" </string>
						<string> "run_mode" </string>
						<int> 0 </int>
					</dictionary>
					<string> "__editor_plugin_screen__" </string>
					<string> "Script" </string>
				</dictionary>
				<resource  resource_type="PackedScene" path="res://moving_platform.xml">  </resource>
				<vector2> 1451.86, 742.969 </vector2>
				<dictionary  shared="false">
					<string> "__editor_plugin_states__" </string>
					<dictionary  shared="false">
						<string> "Script" </string>
						<dictionary  shared="false">
							<string> "current" </string>
							<int> 0 </int>
							<string> "sources" </string>
							<array  len="4" shared="false">
								<string> "res://moving_platform.gd" </string>
								<string> "res://enemy.gd" </string>
								<string> "res://player.gd" </string>
								<string> "res://coin.gd" </string>
							</array>
						</dictionary>
						<string> "2D" </string>
						<dictionary  shared="false">
							<string> "pixel_snap" </string>
							<bool> False </bool>
							<string> "zoom" </string>
							<real> 1.360373 </real>
							<string> "ofs" </string>
							<vector2> -210.652, -172.81 </vector2>
						</dictionary>
						<string> "3D" </string>
						<dictionary  shared="false">
							<string> "fov" </string>
							<real> 400 </real>
							<string> "zfar" </string>
							<real> 500 </real>
							<string> "viewports" </string>
							<array  len="4" shared="false">
								<dictionary  shared="false">
									<string> "distance" </string>
									<real> 4 </real>
									<string> "x_rot" </string>
									<real> 0 </real>
									<string> "y_rot" </string>
									<real> 0 </real>
									<string> "use_orthogonal" </string>
									<bool> False </bool>
									<string> "use_environment" </string>
									<bool> False </bool>
									<string> "pos" </string>
									<vector3> 0, 0, 0 </vector3>
								</dictionary>
								<dictionary  shared="false">
									<string> "distance" </string>
									<real> 4 </real>
									<string> "x_rot" </string>
									<real> 0 </real>
									<string> "y_rot" </string>
									<real> 0 </real>
									<string> "use_orthogonal" </string>
									<bool> False </bool>
									<string> "use_environment" </string>
									<bool> False </bool>
									<string> "pos" </string>
									<vector3> 0, 0, 0 </vector3>
								</dictionary>
								<dictionary  shared="false">
									<string> "distance" </string>
									<real> 4 </real>
									<string> "x_rot" </string>
									<real> 0 </real>
									<string> "y_rot" </string>
									<real> 0 </real>
									<string> "use_orthogonal" </string>
									<bool> False </bool>
									<string> "use_environment" </string>
									<bool> False </bool>
									<string> "pos" </string>
									<vector3> 0, 0, 0 </vector3>
								</dictionary>
								<dictionary  shared="false">
									<string> "distance" </string>
									<real> 4 </real>
									<string> "x_rot" </string>
									<real> 0 </real>
									<string> "y_rot" </string>
									<real> 0 </real>
									<string> "use_orthogonal" </string>
									<bool> False </bool>
									<string> "use_environment" </string>
									<bool> False </bool>
									<string> "pos" </string>
									<vector3> 0, 0, 0 </vector3>
								</dictionary>
							</array>
							<string> "viewport_mode" </string>
							<int> 1 </int>
							<string> "default_light" </string>
							<bool> True </bool>
							<string> "show_grid" </string>
							<bool> True </bool>
							<string> "znear" </string>
							<real> 0.1 </real>
							<string> "show_origin" </string>
							<bool> True </bool>
						</dictionary>
					</dictionary>
					<string> "__editor_run_settings__" </string>
					<dictionary  shared="false">
						<string> "custom_args" </string>
						<string> "-l $scene" </string>
						<string> "run_mode" </string>
						<int> 0 </int>
					</dictionary>
					<string> "__editor_plugin_screen__" </string>
					<string> "2D" </string>
				</dictionary>
				<vector2> 0, 140 </vector2>
				<real> 5 </real>
				<vector2> 624.824, 545.544 </vector2>
				<vector2> 300, 0 </vector2>
				<real> 10 </real>
				<vector2> 3419.86, 739.662 </vector2>
				<vector2> 450, 0 </vector2>
				<resource  resource_type="PackedScene" path="res://seesaw.xml">  </resource>
				<vector2> 2402.79, 849.52 </vector2>
				<dictionary  shared="false">
					<string> "__editor_plugin_states__" </string>
					<dictionary  shared="false">
						<string> "2D" </string>
						<dictionary  shared="false">
							<string> "pixel_snap" </string>
							<bool> False </bool>
							<string> "zoom" </string>
							<real> 2.050547 </real>
							<string> "ofs" </string>
							<vector2> -116.979, -109.897 </vector2>
						</dictionary>
						<string> "3D" </string>
						<dictionary  shared="false">
							<string> "fov" </string>
							<real> 400 </real>
							<string> "zfar" </string>
							<real> 500 </real>
							<string> "viewports" </string>
							<array  len="4" shared="false">
								<dictionary  shared="false">
									<string> "distance" </string>
									<real> 4 </real>
									<string> "x_rot" </string>
									<real> 0 </real>
									<string> "y_rot" </string>
									<real> 0 </real>
									<string> "use_orthogonal" </string>
									<bool> False </bool>
									<string> "use_environment" </string>
									<bool> False </bool>
									<string> "pos" </string>
									<vector3> 0, 0, 0 </vector3>
								</dictionary>
								<dictionary  shared="false">
									<string> "distance" </string>
									<real> 4 </real>
									<string> "x_rot" </string>
									<real> 0 </real>
									<string> "y_rot" </string>
									<real> 0 </real>
									<string> "use_orthogonal" </string>
									<bool> False </bool>
									<string> "use_environment" </string>
									<bool> False </bool>
									<string> "pos" </string>
									<vector3> 0, 0, 0 </vector3>
								</dictionary>
								<dictionary  shared="false">
									<string> "distance" </string>
									<real> 4 </real>
									<string> "x_rot" </string>
									<real> 0 </real>
									<string> "y_rot" </string>
									<real> 0 </real>
									<string> "use_orthogonal" </string>
									<bool> False </bool>
									<string> "use_environment" </string>
									<bool> False </bool>
									<string> "pos" </string>
									<vector3> 0, 0, 0 </vector3>
								</dictionary>
								<dictionary  shared="false">
									<string> "distance" </string>
									<real> 4 </real>
									<string> "x_rot" </string>
									<real> 0 </real>
									<string> "y_rot" </string>
									<real> 0 </real>
									<string> "use_orthogonal" </string>
									<bool> False </bool>
									<string> "use_environment" </string>
									<bool> False </bool>
									<string> "pos" </string>
									<vector3> 0, 0, 0 </vector3>
								</dictionary>
							</array>
							<string> "viewport_mode" </string>
							<int> 1 </int>
							<string> "default_light" </string>
							<bool> True </bool>
							<string> "show_grid" </string>
							<bool> True </bool>
							<string> "znear" </string>
							<real> 0.1 </real>
							<string> "show_origin" </string>
							<bool> True </bool>
						</dictionary>
					</dictionary>
					<string> "__editor_run_settings__" </string>
					<dictionary  shared="false">
						<string> "custom_args" </string>
						<string> "-l $scene" </string>
						<string> "run_mode" </string>
						<int> 0 </int>
					</dictionary>
					<string> "__editor_plugin_screen__" </string>
					<string> "2D" </string>
				</dictionary>
				<resource  resource_type="AudioStream" path="res://music.ogg">  </resource>
				<real> 2 </real>
				<resource  resource_type="PackedScene" path="res://enemy.xml">  </resource>
				<vector2> 834.664, 1309.6 </vector2>
				<dictionary  shared="false">
					<string> "__editor_plugin_states__" </string>
					<dictionary  shared="false">
						<string> "Script" </string>
						<dictionary  shared="false">
							<string> "current" </string>
							<int> 0 </int>
							<string> "sources" </string>
							<array  len="1" shared="false">
								<string> "res://enemy.gd" </string>
							</array>
						</dictionary>
						<string> "2D" </string>
						<dictionary  shared="false">
							<string> "pixel_snap" </string>
							<bool> False </bool>
							<string> "zoom" </string>
							<real> 1.108033 </real>
							<string> "ofs" </string>
							<vector2> -227.625, -197.9 </vector2>
						</dictionary>
						<string> "3D" </string>
						<dictionary  shared="false">
							<string> "fov" </string>
							<real> 45 </real>
							<string> "zfar" </string>
							<real> 500 </real>
							<string> "viewports" </string>
							<array  len="4" shared="false">
								<dictionary  shared="false">
									<string> "distance" </string>
									<real> 4 </real>
									<string> "x_rot" </string>
									<real> 0 </real>
									<string> "y_rot" </string>
									<real> 0 </real>
									<string> "use_orthogonal" </string>
									<bool> False </bool>
									<string> "use_environment" </string>
									<bool> False </bool>
									<string> "pos" </string>
									<vector3> 0, 0, 0 </vector3>
								</dictionary>
								<dictionary  shared="false">
									<string> "distance" </string>
									<real> 4 </real>
									<string> "x_rot" </string>
									<real> 0 </real>
									<string> "y_rot" </string>
									<real> 0 </real>
									<string> "use_orthogonal" </string>
									<bool> False </bool>
									<string> "use_environment" </string>
									<bool> False </bool>
									<string> "pos" </string>
									<vector3> 0, 0, 0 </vector3>
								</dictionary>
								<dictionary  shared="false">
									<string> "distance" </string>
									<real> 4 </real>
									<string> "x_rot" </string>
									<real> 0 </real>
									<string> "y_rot" </string>
									<real> 0 </real>
									<string> "use_orthogonal" </string>
									<bool> False </bool>
									<string> "use_environment" </string>
									<bool> False </bool>
									<string> "pos" </string>
									<vector3> 0, 0, 0 </vector3>
								</dictionary>
								<dictionary  shared="false">
									<string> "distance" </string>
									<real> 4 </real>
									<string> "x_rot" </string>
									<real> 0 </real>
									<string> "y_rot" </string>
									<real> 0 </real>
									<string> "use_orthogonal" </string>
									<bool> False </bool>
									<string> "use_environment" </string>
									<bool> False </bool>
									<string> "pos" </string>
									<vector3> 0, 0, 0 </vector3>
								</dictionary>
							</array>
							<string> "viewport_mode" </string>
							<int> 1 </int>
							<string> "default_light" </string>
							<bool> True </bool>
							<string> "show_grid" </string>
							<bool> True </bool>
							<string> "znear" </string>
							<real> 0.1 </real>
							<string> "show_origin" </string>
							<bool> True </bool>
						</dictionary>
					</dictionary>
					<string> "__editor_run_settings__" </string>
					<dictionary  shared="false">
						<string> "custom_args" </string>
						<string> "-l $scene" </string>
						<string> "run_mode" </string>
						<int> 0 </int>
					</dictionary>
					<string> "__editor_plugin_screen__" </string>
					<string> "2D" </string>
				</dictionary>
				<vector2> 707.665, 1225.05 </vector2>
				<vector2> 1125.21, 1053.06 </vector2>
				<vector2> 1292.11, 1059.24 </vector2>
				<vector2> 1607.38, 923.239 </vector2>
				<vector2> 2586.9, 939.059 </vector2>
				<vector2> 1457.6, 688.741 </vector2>
				<vector2> 1193.63, 460.381 </vector2>
				<vector2> 3429.73, 540.865 </vector2>
				<vector2> 3546.2, 1356.19 </vector2>
				<vector2> 2406.63, 815.115 </vector2>
				<resource  resource_type="PackedScene" path="res://parallax_bg.xml">  </resource>
				<dictionary  shared="false">
					<string> "__editor_plugin_states__" </string>
					<dictionary  shared="false">
						<string> "Script" </string>
						<dictionary  shared="false">
							<string> "current" </string>
							<int> 0 </int>
							<string> "sources" </string>
							<array  len="4" shared="false">
								<string> "res://moving_platform.gd" </string>
								<string> "res://enemy.gd" </string>
								<string> "res://player.gd" </string>
								<string> "res://coin.gd" </string>
							</array>
						</dictionary>
						<string> "2D" </string>
						<dictionary  shared="false">
							<string> "zoom" </string>
							<real> 1 </real>
							<string> "ofs" </string>
							<vector2> -5, -25 </vector2>
						</dictionary>
						<string> "3D" </string>
						<dictionary  shared="false">
							<string> "zfar" </string>
							<real> 500 </real>
							<string> "fov" </string>
							<real> 45 </real>
							<string> "window_mode" </string>
							<int> 0 </int>
							<string> "window_0" </string>
							<dictionary  shared="false">
								<string> "distance" </string>
								<real> 4 </real>
								<string> "x_rot" </string>
								<real> 0.337 </real>
								<string> "default_light" </string>
								<bool> True </bool>
								<string> "y_rot" </string>
								<real> -0.575 </real>
								<string> "show_grid" </string>
								<bool> True </bool>
								<string> "show_origin" </string>
								<bool> True </bool>
								<string> "pos" </string>
								<vector3> 0, 0, 0 </vector3>
							</dictionary>
							<string> "znear" </string>
							<real> 0.1 </real>
						</dictionary>
					</dictionary>
					<string> "__editor_run_settings__" </string>
					<dictionary  shared="false">
						<string> "custom_args" </string>
						<string> "-l $scene" </string>
						<string> "run_mode" </string>
						<int> 0 </int>
					</dictionary>
					<string> "__editor_plugin_screen__" </string>
					<string> "2D" </string>
				</dictionary>
				<real> 12 </real>
				<real> -202 </real>
				<real> 358 </real>
				<real> -10 </real>
				<real> 7 </real>
				<real> 14.769231 </real>
				<string> "This is a simple demo on how to make a platformer game with Godot.&quot;This version uses physics and the 2D physics engine for motion and collision.&quot;&quot;The demo also shows the benefits of using the scene system, where coins,&quot;enemies and the player are edited separatedly and instanced in the stage.&quot;&quot;To edit the base tiles for the  tileset, open the tileset_edit.xml file and follow &quot;instructions.&quot;" </string>
				<real> -1 </real>
			</array>
			<string> "nodes" </string>
			<int_array  len="960"> 				-1, -1, 1, 0, -1, 2, 2, 0, 3, 1, 0, 0, 0, 5, 4, -1, 24, 2, 0, 6, 2, 7, 3, 8, 3, 9, 4, 10, 5, 11, 6, 12, 7, 13, 8, 14, 2, 15, 8, 16, 9, 17, 10, 18, 11, 19, 12, 20, 13, 21, 8, 22, 14, 23, 14, 24, 3, 25, 6, 26, 4, 27, 15, 3, 16, 0, 0, 0, 1, 28, -1, 2, 2, 0, 3, 17, 0, 2, 0, 30, 29, 18, 3, 2, 0, 10, 19, 3, 20, 0, 2, 0, 30, 31, 18, 3, 2, 0, 10, 21, 3, 20, 0, 2, 0, 30, 32, 18, 3, 2, 0, 10, 22, 3, 20, 0, 2, 0, 30, 33, 18, 3, 2, 0, 10, 23, 3, 20, 0, 2, 0, 30, 34, 18, 3, 2, 0, 10, 24, 3, 20, 0, 2, 0, 30, 35, 18, 3, 2, 0, 10, 25, 3, 20, 0, 2, 0, 30, 36, 18, 3, 2, 0, 10, 26, 3, 20, 0, 2, 0, 30, 37, 18, 3, 2, 0, 10, 27, 3, 20, 0, 2, 0, 30, 38, 18, 3, 2, 0, 10, 28, 3, 20, 0, 2, 0, 30, 39, 18, 3, 2, 0, 10, 29, 3, 20, 0, 2, 0, 30, 40, 18, 3, 2, 0, 10, 30, 3, 20, 0, 2, 0, 30, 41, 18, 3, 2, 0, 10, 31, 3, 20, 0, 2, 0, 30, 42, 18, 3, 2, 0, 10, 32, 3, 20, 0, 2, 0, 30, 43, 18, 3, 2, 0, 10, 33, 3, 20, 0, 2, 0, 30, 44, 18, 3, 2, 0, 10, 34, 3, 20, 0, 2, 0, 30, 45, 18, 3, 2, 0, 10, 35, 3, 20, 0, 2, 0, 30, 46, 18, 3, 2, 0, 10, 36, 3, 20, 0, 2, 0, 30, 47, 18, 3, 2, 0, 10, 37, 3, 20, 0, 2, 0, 30, 48, 18, 3, 2, 0, 10, 38, 3, 20, 0, 2, 0, 30, 49, 18, 3, 2, 0, 10, 39, 3, 20, 0, 2, 0, 30, 50, 18, 3, 2, 0, 10, 40, 3, 20, 0, 2, 0, 30, 51, 18, 3, 2, 0, 10, 41, 3, 20, 0, 2, 0, 30, 52, 18, 3, 2, 0, 10, 42, 3, 20, 0, 2, 0, 30, 53, 18, 3, 2, 0, 10, 43, 3, 20, 0, 2, 0, 30, 54, 18, 3, 2, 0, 10, 44, 3, 20, 0, 2, 0, 30, 55, 18, 3, 2, 0, 10, 45, 3, 20, 0, 2, 0, 30, 56, 18, 3, 2, 0, 10, 46, 3, 20, 0, 2, 0, 30, 57, 18, 3, 2, 0, 10, 47, 3, 20, 0, 2, 0, 30, 58, 18, 3, 2, 0, 10, 48, 3, 20, 0, 2, 0, 30, 59, 18, 3, 2, 0, 10, 49, 3, 20, 0, 2, 0, 30, 60, 18, 3, 2, 0, 10, 50, 3, 20, 0, 2, 0, 30, 61, 18, 3, 2, 0, 10, 51, 3, 20, 0, 2, 0, 30, 62, 18, 3, 2, 0, 10, 52, 3, 20, 0, 2, 0, 30, 63, 18, 3, 2, 0, 10, 53, 3, 20, 0, 2, 0, 30, 64, 18, 3, 2, 0, 10, 54, 3, 20, 0, 2, 0, 30, 65, 18, 3, 2, 0, 10, 55, 3, 20, 0, 2, 0, 30, 66, 18, 3, 2, 0, 10, 56, 3, 20, 0, 2, 0, 30, 67, 18, 3, 2, 0, 10, 57, 3, 20, 0, 2, 0, 30, 68, 18, 3, 2, 0, 10, 58, 3, 20, 0, 2, 0, 30, 69, 18, 3, 2, 0, 10, 59, 3, 20, 0, 2, 0, 30, 70, 18, 3, 2, 0, 10, 60, 3, 20, 0, 2, 0, 30, 71, 18, 3, 2, 0, 10, 61, 3, 20, 0, 0, 0, 73, 72, 62, 3, 2, 0, 10, 63, 3, 64, 0, 0, 0, 1, 74, -1, 1, 2, 0, 0, 46, 0, 76, 75, 65, 5, 2, 0, 10, 66, 3, 67, 77, 68, 78, 69, 0, 46, 0, 76, 79, 65, 5, 2, 0, 10, 70, 3, 67, 77, 71, 78, 72, 0, 46, 0, 76, 80, 65, 5, 2, 0, 10, 73, 3, 67, 77, 74, 78, 72, 0, 46, 0, 76, 81, 75, 3, 2, 0, 10, 76, 3, 77, 0, 0, 0, 83, 82, -1, 7, 2, 0, 84, 78, 85, 14, 86, 2, 87, 79, 88, 2, 89, 14, 0, 0, 0, 1, 90, -1, 1, 2, 0, 0, 52, 0, 73, 91, 80, 3, 2, 0, 10, 81, 3, 82, 0, 52, 0, 73, 92, 80, 3, 2, 0, 10, 83, 3, 82, 0, 52, 0, 73, 93, 80, 3, 2, 0, 10, 84, 3, 82, 0, 52, 0, 73, 94, 80, 3, 2, 0, 10, 85, 3, 82, 0, 52, 0, 73, 95, 80, 3, 2, 0, 10, 86, 3, 82, 0, 52, 0, 73, 96, 80, 3, 2, 0, 10, 87, 3, 82, 0, 52, 0, 73, 97, 80, 3, 2, 0, 10, 88, 3, 82, 0, 52, 0, 73, 98, 80, 3, 2, 0, 10, 89, 3, 82, 0, 52, 0, 73, 99, 80, 3, 2, 0, 10, 90, 3, 82, 0, 52, 0, 73, 100, 80, 3, 2, 0, 10, 91, 3, 82, 0, 52, 0, 73, 101, 80, 3, 2, 0, 10, 92, 3, 82, 0, 0, 0, 103, 102, 93, 2, 2, 0, 3, 94, 0, 0, 0, 104, 104, -1, 30, 2, 0, 6, 2, 7, 3, 8, 3, 9, 4, 105, 95, 106, 96, 107, 97, 108, 98, 109, 0, 110, 0, 111, 0, 112, 0, 113, 2, 114, 2, 115, 13, 116, 3, 117, 6, 118, 99, 119, 3, 120, 100, 121, 6, 122, 14, 123, 14, 124, 101, 125, 8, 126, 8, 127, 2, 128, 14, 129, 102, 0 </int_array>
			<string> "conns" </string>
			<int_array  len="0"> 				 </int_array>
		</dictionary>

	</main_resource>
</resource_file>