<?xml version="1.0" encoding="UTF-8" ?>
<resource_file type="PackedScene" subresource_count="2" version="0.99" version_name="Godot Engine v0.99.3037-pre-beta">
	<ext_resource path="res://grid.gd" type="GDScript"></ext_resource>
	<main_resource>
		<string name="resource/name"> "" </string>
		<dictionary name="_bundled">
			<string> "names" </string>
			<string_array  len="57">
				<string> "Grid" </string>
				<string> "Control" </string>
				<string> "process/process" </string>
				<string> "process/fixed_process" </string>
				<string> "process/input" </string>
				<string> "process/unhandled_input" </string>
				<string> "process/mode" </string>
				<string> "visibility/visible" </string>
				<string> "visibility/toplevel" </string>
				<string> "visibility/opacity" </string>
				<string> "visibility/self_opacity" </string>
				<string> "visibility/on_top" </string>
				<string> "visibility/blend_mode" </string>
				<string> "transform/notify" </string>
				<string> "anchor/left" </string>
				<string> "anchor/top" </string>
				<string> "anchor/right" </string>
				<string> "anchor/bottom" </string>
				<string> "margin/left" </string>
				<string> "margin/top" </string>
				<string> "margin/right" </string>
				<string> "margin/bottom" </string>
				<string> "hint/tooltip" </string>
				<string> "focus_neighbour/left" </string>
				<string> "focus_neighbour/top" </string>
				<string> "focus_neighbour/right" </string>
				<string> "focus_neighbour/bottom" </string>
				<string> "focus/ignore_mouse" </string>
				<string> "focus/stop_mouse" </string>
				<string> "size_flags/horizontal" </string>
				<string> "size_flags/vertical" </string>
				<string> "size_flags/stretch_ratio" </string>
				<string> "script/script" </string>
				<string> "__meta__" </string>
				<string> "timer" </string>
				<string> "Timer" </string>
				<string> "wait_time" </string>
				<string> "one_shot" </string>
				<string> "autostart" </string>
				<string> "gameover" </string>
				<string> "Label" </string>
				<string> "custom_colors/font_color" </string>
				<string> "custom_constants/shadow_offset_x" </string>
				<string> "custom_constants/shadow_offset_y" </string>
				<string> "range/min" </string>
				<string> "range/max" </string>
				<string> "range/step" </string>
				<string> "range/page" </string>
				<string> "range/value" </string>
				<string> "range/exp_edit" </string>
				<string> "rounded_values" </string>
				<string> "text" </string>
				<string> "align" </string>
				<string> "valign" </string>
				<string> "autowrap" </string>
				<string> "piece_move_down" </string>
				<string> "timeout" </string>
			</string_array>
			<string> "version" </string>
			<int> 1 </int>
			<string> "conn_count" </string>
			<int> 1 </int>
			<string> "node_count" </string>
			<int> 3 </int>
			<string> "variants" </string>
			<array  len="14">
				<bool> False </bool>
				<int> 0 </int>
				<bool> True </bool>
				<real> 1 </real>
				<real> 0 </real>
				<real> 40 </real>
				<string> "" </string>
				<node_path> "" </node_path>
				<int> 2 </int>
				<resource  resource_type="GDScript" path="res://grid.gd">  </resource>
				<dictionary>
					<string> "__editor_plugin_states__" </string>
					<dictionary>
						<string> "Script" </string>
						<dictionary>
							<string> "current" </string>
							<int> 0 </int>
							<string> "sources" </string>
							<array  len="1">
								<string> "res://grid.gd" </string>
							</array>
						</dictionary>
						<string> "2D" </string>
						<dictionary>
							<string> "zoom" </string>
							<real> 1 </real>
							<string> "ofs" </string>
							<vector2> -69, -22 </vector2>
						</dictionary>
						<string> "3D" </string>
						<dictionary>
							<string> "zfar" </string>
							<real> 500 </real>
							<string> "fov" </string>
							<real> 45 </real>
							<string> "window_mode" </string>
							<int> 0 </int>
							<string> "window_0" </string>
							<dictionary>
								<string> "distance" </string>
								<real> 4 </real>
								<string> "default_light" </string>
								<bool> True </bool>
								<string> "x_rot" </string>
								<real> 0.337 </real>
								<string> "y_rot" </string>
								<real> -0.575 </real>
								<string> "show_grid" </string>
								<bool> True </bool>
								<string> "show_origin" </string>
								<bool> True </bool>
								<string> "pos" </string>
								<vector3> 0, 0, 0 </vector3>
							</dictionary>
							<string> "znear" </string>
							<real> 0.1 </real>
						</dictionary>
					</dictionary>
					<string> "__editor_run_settings__" </string>
					<dictionary>
						<string> "custom_args" </string>
						<string> "-l $scene" </string>
						<string> "run_mode" </string>
						<int> 0 </int>
					</dictionary>
					<string> "__editor_plugin_screen__" </string>
					<string> "Script" </string>
				</dictionary>
				<resource name=""></resource>				<int> 1 </int>
				<color> 0, 0, 0, 1 </color>
			</array>
			<string> "nodes" </string>
			<int_array  len="193"> 				-1, -1, 1, 0, -1, 32, 2, 0, 3, 0, 4, 0, 5, 0, 6, 1, 7, 2, 8, 0, 9, 3, 10, 3, 11, 2, 12, 1, 13, 0, 14, 1, 15, 1, 16, 1, 17, 1, 18, 4, 19, 4, 20, 5, 21, 5, 22, 6, 23, 7, 24, 7, 25, 7, 26, 7, 27, 0, 28, 2, 29, 8, 30, 8, 31, 3, 32, 9, 33, 10, 0, 0, 0, 35, 34, -1, 9, 2, 0, 3, 0, 4, 0, 5, 0, 6, 1, 36, 3, 37, 0, 38, 0, 32, 11, 0, 0, 0, 40, 39, -1, 45, 2, 0, 3, 0, 4, 0, 5, 0, 6, 1, 7, 2, 8, 0, 9, 3, 10, 3, 11, 2, 12, 1, 13, 0, 14, 1, 15, 1, 16, 12, 17, 12, 18, 4, 19, 4, 20, 4, 21, 4, 22, 6, 23, 7, 24, 7, 25, 7, 26, 7, 27, 2, 28, 2, 29, 8, 30, 1, 31, 3, 41, 13, 42, 12, 43, 12, 44, 4, 45, 3, 46, 3, 47, 3, 48, 4, 49, 0, 50, 0, 51, 6, 52, 12, 53, 12, 54, 0, 32, 11, 0 </int_array>
			<string> "conns" </string>
			<int_array  len="6"> 				1, 0, 56, 55, 2, 0 </int_array>
		</dictionary>
		<resource name="script/script"></resource>
	</main_resource>
</resource_file>