<?xml version="1.0" encoding="UTF-8" ?>
<resource_file type="PackedScene" subresource_count="2" version="0.99" version_name="Godot Engine v0.99.3037-pre-beta">
	<ext_resource path="res://grid.xml" type="PackedScene"></ext_resource>
	<main_resource>
		<string name="resource/name"> "" </string>
		<dictionary name="_bundled">
			<string> "names" </string>
			<string_array  len="59">
				<string> "Tetris" </string>
				<string> "Panel" </string>
				<string> "process/process" </string>
				<string> "process/fixed_process" </string>
				<string> "process/input" </string>
				<string> "process/unhandled_input" </string>
				<string> "process/mode" </string>
				<string> "visibility/visible" </string>
				<string> "visibility/toplevel" </string>
				<string> "visibility/opacity" </string>
				<string> "visibility/self_opacity" </string>
				<string> "visibility/on_top" </string>
				<string> "visibility/blend_mode" </string>
				<string> "transform/notify" </string>
				<string> "anchor/left" </string>
				<string> "anchor/top" </string>
				<string> "anchor/right" </string>
				<string> "anchor/bottom" </string>
				<string> "margin/left" </string>
				<string> "margin/top" </string>
				<string> "margin/right" </string>
				<string> "margin/bottom" </string>
				<string> "hint/tooltip" </string>
				<string> "focus_neighbour/left" </string>
				<string> "focus_neighbour/top" </string>
				<string> "focus_neighbour/right" </string>
				<string> "focus_neighbour/bottom" </string>
				<string> "focus/ignore_mouse" </string>
				<string> "focus/stop_mouse" </string>
				<string> "size_flags/horizontal" </string>
				<string> "size_flags/vertical" </string>
				<string> "size_flags/stretch_ratio" </string>
				<string> "script/script" </string>
				<string> "__meta__" </string>
				<string> "Grid" </string>
				<string> "Control" </string>
				<string> "Label" </string>
				<string> "range/min" </string>
				<string> "range/max" </string>
				<string> "range/step" </string>
				<string> "range/page" </string>
				<string> "range/value" </string>
				<string> "range/exp_edit" </string>
				<string> "rounded_values" </string>
				<string> "text" </string>
				<string> "align" </string>
				<string> "valign" </string>
				<string> "autowrap" </string>
				<string> "score" </string>
				<string> "restart" </string>
				<string> "Button" </string>
				<string> "disabled" </string>
				<string> "toggle_mode" </string>
				<string> "click_on_press" </string>
				<string> "icon" </string>
				<string> "flat" </string>
				<string> "clip_text" </string>
				<string> "restart_pressed" </string>
				<string> "pressed" </string>
			</string_array>
			<string> "version" </string>
			<int> 1 </int>
			<string> "conn_count" </string>
			<int> 1 </int>
			<string> "node_count" </string>
			<int> 5 </int>
			<string> "variants" </string>
			<array  len="30">
				<bool> False </bool>
				<int> 0 </int>
				<bool> True </bool>
				<real> 1 </real>
				<real> 0 </real>
				<real> 400 </real>
				<string> "" </string>
				<node_path> "" </node_path>
				<int> 2 </int>
				<resource name=""></resource>				<dictionary>
					<string> "__editor_plugin_states__" </string>
					<dictionary>
						<string> "Script" </string>
						<dictionary>
							<string> "current" </string>
							<int> 0 </int>
							<string> "sources" </string>
							<array  len="1">
								<string> "res://grid.gd" </string>
							</array>
						</dictionary>
						<string> "2D" </string>
						<dictionary>
							<string> "zoom" </string>
							<real> 1.360374 </real>
							<string> "ofs" </string>
							<vector2> -44.5757, -54.344 </vector2>
						</dictionary>
						<string> "3D" </string>
						<dictionary>
							<string> "zfar" </string>
							<real> 500 </real>
							<string> "fov" </string>
							<real> 45 </real>
							<string> "window_mode" </string>
							<int> 0 </int>
							<string> "window_0" </string>
							<dictionary>
								<string> "distance" </string>
								<real> 4 </real>
								<string> "default_light" </string>
								<bool> True </bool>
								<string> "x_rot" </string>
								<real> 0.337 </real>
								<string> "y_rot" </string>
								<real> -0.575 </real>
								<string> "show_grid" </string>
								<bool> True </bool>
								<string> "show_origin" </string>
								<bool> True </bool>
								<string> "pos" </string>
								<vector3> 0, 0, 0 </vector3>
							</dictionary>
							<string> "znear" </string>
							<real> 0.1 </real>
						</dictionary>
					</dictionary>
					<string> "__editor_run_settings__" </string>
					<dictionary>
						<string> "custom_args" </string>
						<string> "-l $scene" </string>
						<string> "run_mode" </string>
						<int> 0 </int>
					</dictionary>
					<string> "__editor_plugin_screen__" </string>
					<string> "2D" </string>
				</dictionary>
				<resource  resource_type="PackedScene" path="res://grid.xml">  </resource>
				<real> 40 </real>
				<real> 35 </real>
				<real> 80 </real>
				<real> 75 </real>
				<real> 243 </real>
				<real> 36 </real>
				<real> 283 </real>
				<real> 49 </real>
				<string> "Score:" </string>
				<real> 252 </real>
				<real> 55 </real>
				<real> 293 </real>
				<real> 68 </real>
				<string> "0" </string>
				<real> 292 </real>
				<real> 303 </real>
				<real> 311 </real>
				<string> "Restart" </string>
			</array>
			<string> "nodes" </string>
			<int_array  len="351"> 				-1, -1, 1, 0, -1, 32, 2, 0, 3, 0, 4, 0, 5, 0, 6, 1, 7, 2, 8, 0, 9, 3, 10, 3, 11, 2, 12, 1, 13, 0, 14, 1, 15, 1, 16, 1, 17, 1, 18, 4, 19, 4, 20, 5, 21, 5, 22, 6, 23, 7, 24, 7, 25, 7, 26, 7, 27, 0, 28, 2, 29, 8, 30, 8, 31, 3, 32, 9, 33, 10, 0, 0, 0, 35, 34, 11, 4, 18, 12, 19, 13, 20, 14, 21, 15, 0, 0, 0, 36, 36, -1, 42, 2, 0, 3, 0, 4, 0, 5, 0, 6, 1, 7, 2, 8, 0, 9, 3, 10, 3, 11, 2, 12, 1, 13, 0, 14, 1, 15, 1, 16, 1, 17, 1, 18, 16, 19, 17, 20, 18, 21, 19, 22, 6, 23, 7, 24, 7, 25, 7, 26, 7, 27, 2, 28, 2, 29, 8, 30, 1, 31, 3, 37, 4, 38, 3, 39, 3, 40, 3, 41, 4, 42, 0, 43, 0, 44, 20, 45, 1, 46, 1, 47, 0, 32, 9, 0, 0, 0, 36, 48, -1, 42, 2, 0, 3, 0, 4, 0, 5, 0, 6, 1, 7, 2, 8, 0, 9, 3, 10, 3, 11, 2, 12, 1, 13, 0, 14, 1, 15, 1, 16, 1, 17, 1, 18, 21, 19, 22, 20, 23, 21, 24, 22, 6, 23, 7, 24, 7, 25, 7, 26, 7, 27, 2, 28, 2, 29, 8, 30, 1, 31, 3, 37, 4, 38, 3, 39, 3, 40, 3, 41, 4, 42, 0, 43, 0, 44, 25, 45, 1, 46, 1, 47, 0, 32, 9, 0, 0, 0, 50, 49, -1, 38, 2, 0, 3, 0, 4, 0, 5, 0, 6, 1, 7, 2, 8, 0, 9, 3, 10, 3, 11, 2, 12, 1, 13, 0, 14, 1, 15, 1, 16, 1, 17, 1, 18, 16, 19, 26, 20, 27, 21, 28, 22, 6, 23, 7, 24, 7, 25, 7, 26, 7, 27, 0, 28, 2, 29, 8, 30, 8, 31, 3, 51, 0, 52, 0, 53, 0, 44, 29, 54, 9, 55, 0, 56, 0, 32, 9, 0 </int_array>
			<string> "conns" </string>
			<int_array  len="6"> 				4, 1, 58, 57, 2, 0 </int_array>
		</dictionary>
		<resource name="script/script"></resource>
	</main_resource>
</resource_file>