<?xml version="1.0" encoding="UTF-8" ?>
<resource_file type="Mesh" subresource_count="4" version="0.99" version_name="Godot Engine v0.99.3735-pre-beta">
	<ext_resource path="res://brick_color.*" type="ImageTexture"></ext_resource>
	<ext_resource path="res://brick_normal.*" type="ImageTexture"></ext_resource>
	<resource type="FixedMaterial" path="local://1">
		<bool name="flags/visible"> True </bool>
		<bool name="flags/double_sided"> True </bool>
		<bool name="flags/invert_faces"> False </bool>
		<bool name="flags/unshaded"> False </bool>
		<bool name="flags/on_top"> False </bool>
		<bool name="flags/wireframe"> False </bool>
		<bool name="flags/billboard_sw"> False </bool>
		<bool name="hints/decal"> False </bool>
		<bool name="hints/opaque_pre_zpass"> False </bool>
		<bool name="hints/no_shadow"> False </bool>
		<bool name="hints/no_depth_draw"> False </bool>
		<int name="params/blend_mode"> 0 </int>
		<real name="params/line_width"> 0 </real>
		<bool name="fixed_flags/use_alpha"> False </bool>
		<bool name="fixed_flags/use_color_array"> False </bool>
		<bool name="fixed_flags/use_point_size"> False </bool>
		<color name="params/diffuse"> 0.64, 0.64, 0.64, 1 </color>
		<color name="params/specular"> 0.63226, 0.63226, 0.63226, 1 </color>
		<color name="params/emission"> 0, 0, 0, 1 </color>
		<real name="params/specular_exp"> 34.20256 </real>
		<int name="params/detail_blend"> 0 </int>
		<real name="params/detail_mix"> 1 </real>
		<real name="params/normal_depth"> 0.5 </real>
		<real name="params/shade_param"> 0.5 </real>
		<int name="params/glow"> 0 </int>
		<real name="params/point_size"> 1 </real>
		<transform name="uv_xform"> 1, 0, 0, 0, 1, 0, 0, 0, 1, 0, 0, 0 </transform>
		<resource name="textures/diffuse" resource_type="ImageTexture" path="res://brick_color.*">  </resource>
		<int name="textures/diffuse_tc"> 0 </int>
		<resource name="textures/detail"></resource>		<int name="textures/detail_tc"> 0 </int>
		<resource name="textures/specular"></resource>		<int name="textures/specular_tc"> 0 </int>
		<resource name="textures/emission"></resource>		<int name="textures/emission_tc"> 0 </int>
		<resource name="textures/specular_exp"></resource>		<int name="textures/specular_exp_tc"> 0 </int>
		<resource name="textures/glow"></resource>		<int name="textures/glow_tc"> 0 </int>
		<resource name="textures/normal" resource_type="ImageTexture" path="res://brick_normal.*">  </resource>
		<int name="textures/normal_tc"> 0 </int>
		<resource name="textures/shade_param"></resource>		<int name="textures/shade_param_tc"> 0 </int>

	</resource>
	<main_resource>
		<string name="resource/name"> "Sphere" </string>
		<dictionary name="surfaces/0" shared="false">
			<string> "alphasort" </string>
			<bool> False </bool>
			<string> "material" </string>
			<resource  resource_type="FixedMaterial" path="local://1">  </resource>
			<string> "morph_arrays" </string>
			<array  len="0" shared="false">
			</array>
			<string> "primitive" </string>
			<int> 4 </int>
			<string> "arrays" </string>
			<array  len="9" shared="false">
				<vector3_array  len="529"> 					-0.382683, -0.92388, -0, -0.55557, -0.83147, -0, -0.544895, -0.83147, -0.108386, -0.37533, -0.92388, -0.0746578, -1, 0, -0, -0.980785, 0.19509, -0, -0.96194, 0.19509, -0.191342, -0.980785, 1.19209e-07, -0.19509, -0.382683, 0.92388, -0, -0.19509, 0.980785, -0, -0.191342, 0.980785, -0.0380602, -0.37533, 0.92388, -0.0746578, -0.19509, -0.980785, -0, -0.191342, -0.980785, -0.0380602, -0.980785, -0.19509, -0, -0.96194, -0.19509, -0.191342, -0.55557, 0.83147, -0, -0.544895, 0.831469, -0.108386, -0.92388, -0.382683, -0, -0.906128, -0.382683, -0.18024, -0.707107, 0.707107, -0, -0.69352, 0.707107, -0.13795, -0.83147, -0.55557, -0, -0.815493, -0.55557, -0.162212, -0.83147, 0.55557, -0, -0.815493, 0.55557, -0.162212, -0.707107, -0.707107, -0, -0.69352, -0.707107, -0.13795, -0.92388, 0.382683, -0, -0.906127, 0.382683, -0.18024, -0.906127, -0.19509, -0.37533, -0.853553, -0.382683, -0.353554, -0.51328, 0.831469, -0.212608, -0.653281, 0.707107, -0.270598, -0.768178, -0.55557, -0.31819, -0.768178, 0.55557, -0.31819, -0.653281, -0.707107, -0.270598, -0.853553, 0.382683, -0.353554, -0.51328, -0.83147, -0.212608, -0.906127, 0.19509, -0.37533, -0.353553, -0.92388, -0.146447, -0.92388, 1.19209e-07, -0.382684, -0.18024, 0.980785, -0.0746579, -0.353553, 0.92388, -0.146447, -0.18024, -0.980785, -0.0746578, -0.46194, -0.83147, -0.308658, -0.31819, -0.92388, -0.212608, -0.815493, 0.19509, -0.544895, -0.831469, 1.19209e-07, -0.55557, -0.162211, 0.980785, -0.108387, -0.31819, 0.92388, -0.212608, -0.162211, -0.980785, -0.108386, -0.815493, -0.19509, -0.544895, -0.46194, 0.831469, -0.308658, -0.768178, -0.382683, -0.51328, -0.587938, 0.707107, -0.392848, -0.691342, -0.55557, -0.46194, -0.691342, 0.55557, -0.46194, -0.587938, -0.707107, -0.392848, -0.768178, 0.382683, -0.51328, -0.587938, -0.55557, -0.587938, -0.5, -0.707107, -0.5, -0.587938, 0.55557, -0.587938, -0.653281, 0.382683, -0.653282, -0.392847, -0.83147, -0.392848, -0.69352, 0.19509, -0.69352, -0.270598, -0.92388, -0.270598, -0.707107, 1.19209e-07, -0.707107, -0.137949, 0.980785, -0.13795, -0.270598, 0.92388, -0.270598, -0.137949, -0.980785, -0.13795, -0.69352, -0.19509, -0.69352, -0.392847, 0.831469, -0.392848, -0.653281, -0.382683, -0.653282, -0.5, 0.707107, -0.5, -0.544895, -0.19509, -0.815493, -0.51328, -0.382683, -0.768178, -0.308658, 0.831469, -0.46194, -0.392847, 0.707107, -0.587938, -0.46194, -0.55557, -0.691342, -0.46194, 0.55557, -0.691342, -0.392847, -0.707107, -0.587938, -0.51328, 0.382683, -0.768178, -0.308658, -0.83147, -0.46194, -0.544895, 0.19509, -0.815493, -0.212607, -0.92388, -0.31819, -0.55557, 1.19209e-07, -0.83147, -0.108386, 0.980785, -0.162212, -0.212607, 0.92388, -0.31819, -0.108386, -0.980785, -0.162212, -0.212607, -0.83147, -0.51328, -0.146446, -0.92388, -0.353554, -0.37533, 0.19509, -0.906128, -0.382683, 1.19209e-07, -0.92388, -0.0746576, 0.980785, -0.18024, -0.146446, 0.92388, -0.353554, -0.0746575, -0.980785, -0.18024, -0.37533, -0.19509, -0.906128, -0.212607, 0.831469, -0.51328, -0.353553, -0.382683, -0.853554, -0.270598, 0.707107, -0.653282, -0.318189, -0.55557, -0.768178, -0.318189, 0.55557, -0.768178, -0.270598, -0.707107, -0.653282, -0.353553, 0.382683, -0.853553, -0.162211, -0.55557, -0.815493, -0.137949, -0.707107, -0.69352, -0.162211, 0.55557, -0.815493, -0.18024, 0.382683, -0.906128, -0.108386, -0.83147, -0.544895, -0.191341, 0.19509, -0.96194, -0.0746575, -0.92388, -0.37533, -0.19509, 1.19209e-07, -0.980785, -0.0380599, 0.980785, -0.191342, -0.0746575, 0.92388, -0.375331, -0.0380599, -0.980785, -0.191342, -0.191341, -0.19509, -0.96194, -0.108386, 0.831469, -0.544895, -0.18024, -0.382683, -0.906128, -0.137949, 0.707107, -0.69352, -0.18024, -0.382683, -0.906128, -0.191341, -0.19509, -0.96194, 4.74853e-07, -0.19509, -0.980785, 3.40743e-07, -0.382683, -0.92388, -0.137949, 0.707107, -0.69352, -0.108386, 0.831469, -0.544895, 3.63094e-07, 0.831469, -0.55557, 4.00347e-07, 0.707107, -0.707107, -0.162211, -0.55557, -0.815493, 4.15248e-07, -0.55557, -0.83147, -0.162211, 0.55557, -0.815493, 4.15248e-07, 0.55557, -0.83147, -0.137949, -0.707107, -0.69352, 4.00347e-07, -0.707107, -0.707107, -0.18024, 0.382683, -0.906128, 3.70545e-07, 0.382683, -0.92388, -0.108386, -0.83147, -0.544895, 3.92897e-07, -0.83147, -0.55557, -0.191341, 0.19509, -0.96194, 4.74853e-07, 0.19509, -0.980785, -0.0746575, -0.92388, -0.37533, 3.55644e-07, -0.92388, -0.382683, -0.19509, 1.19209e-07, -0.980785, 3.40743e-07, 1.19209e-07, -1, -0.0746575, 0.92388, -0.375331, -0.0380599, 0.980785, -0.191342, 3.44468e-07, 0.980785, -0.195091, 3.63094e-07, 0.92388, -0.382684, -0.0380599, -0.980785, -0.191342, 3.14666e-07, -0.980785, -0.19509, 0.108387, -0.83147, -0.544895, 0.0746582, -0.92388, -0.37533, 0.191342, 0.19509, -0.96194, 0.195091, 1.19209e-07, -0.980785, 0.0380606, 0.980785, -0.191342, 0.0746582, 0.92388, -0.375331, 0.0380605, -0.980785, -0.191342, 0.191342, -0.19509, -0.96194, 0.108387, 0.831469, -0.544895, 0.18024, -0.382683, -0.906128, 0.13795, 0.707107, -0.69352, 0.162212, -0.55557, -0.815493, 0.162212, 0.55557, -0.815493, 0.13795, -0.707107, -0.69352, 0.18024, 0.382683, -0.906128, 0.270599, 0.707107, -0.653282, 0.31819, 0.55557, -0.768178, 0.31819, -0.55557, -0.768178, 0.270599, -0.707107, -0.653282, 0.353554, 0.382683, -0.853553, 0.212608, -0.83147, -0.51328, 0.375331, 0.19509, -0.906127, 0.146447, -0.92388, -0.353554, 0.382684, 1.19209e-07, -0.92388, 0.0746583, 0.980785, -0.18024, 0.146447, 0.92388, -0.353554, 0.0746581, -0.980785, -0.18024, 0.375331, -0.19509, -0.906127, 0.212608, 0.831469, -0.51328, 0.353554, -0.382683, -0.853553, 0.555571, 1.19209e-07, -0.83147, 0.544896, -0.19509, -0.815493, 0.212608, 0.92388, -0.31819, 0.308659, 0.831469, -0.46194, 0.51328, -0.382683, -0.768178, 0.392848, 0.707107, -0.587938, 0.46194, -0.55557, -0.691342, 0.46194, 0.55557, -0.691342, 0.392848, -0.707107, -0.587938, 0.51328, 0.382683, -0.768178, 0.308659, -0.83147, -0.46194, 0.544896, 0.19509, -0.815493, 0.212608, -0.92388, -0.31819, 0.108387, 0.980785, -0.162212, 0.108387, -0.980785, -0.162212, 0.5, -0.707107, -0.5, 0.392848, -0.83147, -0.392848, 0.653282, 0.382683, -0.653282, 0.69352, 0.19509, -0.69352, 0.270598, -0.92388, -0.270598, 0.707107, 1.19209e-07, -0.707107, 0.13795, 0.980785, -0.13795, 0.270599, 0.92388, -0.270598, 0.13795, -0.980785, -0.13795, 0.69352, -0.19509, -0.69352, 0.392848, 0.831469, -0.392848, 0.653282, -0.382683, -0.653282, 0.5, 0.707107, -0.5, 0.587938, -0.55557, -0.587938, 0.587938, 0.55557, -0.587938, 0.768178, -0.382683, -0.51328, 0.691342, -0.55557, -0.46194, 0.587938, 0.707107, -0.392847, 0.691342, 0.55557, -0.46194, 0.587938, -0.707107, -0.392847, 0.768178, 0.382683, -0.51328, 0.46194, -0.83147, -0.308658, 0.815493, 0.19509, -0.544895, 0.31819, -0.92388, -0.212608, 0.83147, 1.19209e-07, -0.55557, 0.162212, 0.980785, -0.108387, 0.31819, 0.92388, -0.212608, 0.162212, -0.980785, -0.108386, 0.815493, -0.19509, -0.544895, 0.46194, 0.831469, -0.308658, 0.353554, -0.92388, -0.146447, 0.18024, -0.980785, -0.0746578, 0.92388, 1.19209e-07, -0.382683, 0.906128, -0.19509, -0.37533, 0.353554, 0.92388, -0.146447, 0.513281, 0.831469, -0.212608, 0.853554, -0.382683, -0.353553, 0.653282, 0.707107, -0.270598, 0.768178, -0.55557, -0.31819, 0.768178, 0.55557, -0.31819, 0.653282, -0.707107, -0.270598, 0.853554, 0.382683, -0.353553, 0.51328, -0.83147, -0.212608, 0.906128, 0.19509, -0.37533, 0.18024, 0.980785, -0.0746578, 0.69352, -0.707107, -0.13795, 0.544896, -0.83147, -0.108386, 0.906128, 0.382683, -0.18024, 0.96194, 0.19509, -0.191342, 0.375331, -0.92388, -0.0746578, 0.980785, 1.19209e-07, -0.19509, 0.191342, 0.980785, -0.0380602, 0.375331, 0.92388, -0.0746578, 0.191342, -0.980785, -0.0380602, 0.96194, -0.19509, -0.191342, 0.544896, 0.831469, -0.108386, 0.906128, -0.382683, -0.18024, 0.69352, 0.707107, -0.13795, 0.815493, -0.55557, -0.162211, 0.815493, 0.55557, -0.162211, 0.92388, -0.382683, -0, 0.83147, -0.55557, -0, 0.707107, 0.707107, -0, 0.83147, 0.55557, -0, 0.707107, -0.707107, -0, 0.92388, 0.382683, 1.49012e-07, 0.555571, -0.83147, -0, 0.980785, 0.19509, 1.49012e-07, 0.382684, -0.92388, -0, 1, 1.19209e-07, -0, 0.195091, 0.980785, -0, 0.382684, 0.92388, -0, 0.195091, -0.980785, -0, 0.980785, -0.19509, 1.49012e-07, 0.555571, 0.831469, -0, 0.375331, -0.92388, 0.0746578, 0.191342, -0.980785, 0.0380602, 0.980785, 1.19209e-07, 0.19509, 0.96194, -0.19509, 0.191342, 0.375331, 0.92388, 0.0746579, 0.544896, 0.831469, 0.108387, 0.906128, -0.382683, 0.18024, 0.69352, 0.707107, 0.13795, 0.815493, -0.55557, 0.162212, 0.815493, 0.55557, 0.162212, 0.69352, -0.707107, 0.13795, 0.906128, 0.382683, 0.18024, 0.544895, -0.83147, 0.108387, 0.96194, 0.19509, 0.191342, 0.191342, 0.980785, 0.0380603, 0.653282, -0.707107, 0.270598, 0.51328, -0.83147, 0.212608, 0.853554, 0.382683, 0.353554, 0.906128, 0.19509, 0.37533, 0.353554, -0.92388, 0.146447, 0.92388, 1.19209e-07, 0.382683, 0.18024, 0.980785, 0.0746579, 0.353554, 0.92388, 0.146447, 0.18024, -0.980785, 0.0746578, 0.906128, -0.19509, 0.37533, 0.51328, 0.831469, 0.212608, 0.853554, -0.382683, 0.353554, 0.653282, 0.707107, 0.270598, 0.768178, -0.55557, 0.31819, 0.768178, 0.55557, 0.31819, 0.46194, 0.831469, 0.308658, 0.587938, 0.707107, 0.392848, 0.768178, -0.382683, 0.51328, 0.691342, -0.55557, 0.46194, 0.691342, 0.55557, 0.46194, 0.587938, -0.707107, 0.392848, 0.768178, 0.382683, 0.51328, 0.46194, -0.83147, 0.308658, 0.815493, 0.19509, 0.544895, 0.31819, -0.92388, 0.212608, 0.83147, 1.19209e-07, 0.55557, 0.162212, 0.980785, 0.108387, 0.31819, 0.92388, 0.212608, 0.162212, -0.980785, 0.108386, 0.815493, -0.19509, 0.544895, 0.69352, 0.19509, 0.69352, 0.707107, 1.19209e-07, 0.707107, 0.13795, 0.980785, 0.13795, 0.270598, 0.92388, 0.270598, 0.270598, -0.92388, 0.270598, 0.13795, -0.980785, 0.13795, 0.69352, -0.19509, 0.69352, 0.392848, 0.831469, 0.392848, 0.653282, -0.382683, 0.653282, 0.5, 0.707107, 0.5, 0.587938, -0.55557, 0.587938, 0.587938, 0.55557, 0.587938, 0.5, -0.707107, 0.5, 0.653282, 0.382683, 0.653282, 0.392848, -0.83147, 0.392848, 0.46194, -0.55557, 0.691342, 0.392848, -0.707107, 0.587938, 0.46194, 0.55557, 0.691342, 0.51328, 0.382683, 0.768178, 0.308659, -0.83147, 0.46194, 0.544895, 0.19509, 0.815493, 0.212608, -0.92388, 0.31819, 0.55557, 1.19209e-07, 0.831469, 0.108387, 0.980785, 0.162212, 0.212608, 0.92388, 0.31819, 0.108387, -0.980785, 0.162212, 0.544895, -0.19509, 0.815493, 0.308659, 0.831469, 0.46194, 0.51328, -0.382683, 0.768178, 0.392848, 0.707107, 0.587938, 0.37533, -0.19509, 0.906127, 0.353554, -0.382683, 0.853553, 0.212608, 0.831469, 0.51328, 0.270598, 0.707107, 0.653282, 0.31819, -0.55557, 0.768178, 0.31819, 0.55557, 0.768178, 0.270598, -0.707107, 0.653282, 0.353554, 0.382683, 0.853553, 0.212608, -0.83147, 0.51328, 0.37533, 0.19509, 0.906127, 0.146447, -0.92388, 0.353553, 0.382683, 1.19209e-07, 0.923879, 0.0746581, 0.980785, 0.18024, 0.146447, 0.92388, 0.353554, 0.0746581, -0.980785, 0.18024, 0.108387, -0.83147, 0.544895, 0.0746581, -0.92388, 0.37533, 0.191342, 0.19509, 0.96194, 0.19509, 1.19209e-07, 0.980785, 0.0380605, 0.980785, 0.191342, 0.0746581, 0.92388, 0.37533, 0.0380605, -0.980785, 0.191342, 0.191342, -0.19509, 0.96194, 0.108387, 0.831469, 0.544895, 0.18024, -0.382683, 0.906128, 0.13795, 0.707107, 0.69352, 0.162212, -0.55557, 0.815493, 0.162212, 0.55557, 0.815493, 0.13795, -0.707107, 0.69352, 0.18024, 0.382683, 0.906127, 2.21533e-07, -0.55557, 0.831469, 2.21533e-07, -0.707107, 0.707107, 2.21533e-07, 0.55557, 0.831469, 1.47027e-07, 0.382683, 0.92388, 2.14083e-07, -0.83147, 0.55557, 0, 0.19509, 0.980785, 3.1094e-07, -0.92388, 0.382683, 1.61929e-07, 1.19209e-07, 1, 2.77413e-07, 0.980785, 0.19509, 2.51336e-07, 0.92388, 0.382683, 3.14666e-07, -0.980785, 0.19509, 0, -0.19509, 0.980785, 2.28984e-07, 0.831469, 0.55557, 1.7683e-07, -0.382683, 0.92388, 2.21533e-07, 0.707107, 0.707107, -0.191342, -0.19509, 0.961939, -0.18024, -0.382683, 0.906128, -0.108386, 0.831469, 0.544895, -0.137949, 0.707107, 0.69352, -0.162211, -0.55557, 0.815493, -0.162211, 0.55557, 0.815493, -0.137949, -0.707107, 0.69352, -0.18024, 0.382683, 0.906127, -0.108386, -0.83147, 0.544895, -0.191342, 0.19509, 0.961939, -0.0746575, -0.92388, 0.37533, -0.19509, 1.19209e-07, 0.980785, -0.0380599, 0.980785, 0.191342, -0.0746576, 0.92388, 0.37533, -0.0380599, -0.980785, 0.191342, -0.212607, -0.83147, 0.51328, -0.146446, -0.92388, 0.353553, -0.37533, 0.19509, 0.906127, -0.382683, 1.19209e-07, 0.923879, -0.0746576, 0.980785, 0.18024, -0.146446, 0.92388, 0.353553, -0.0746575, -0.980785, 0.18024, -0.37533, -0.19509, 0.906127, -0.212607, 0.831469, 0.51328, -0.353553, -0.382683, 0.853553, -0.270598, 0.707107, 0.653281, -0.318189, -0.55557, 0.768178, -0.318189, 0.55557, 0.768178, -0.270598, -0.707107, 0.653281, -0.353553, 0.382683, 0.853553, -0.461939, -0.55557, 0.691341, -0.392847, -0.707107, 0.587938, -0.461939, 0.55557, 0.691341, -0.51328, 0.382683, 0.768178, -0.308658, -0.83147, 0.46194, -0.544895, 0.19509, 0.815493, -0.212607, -0.92388, 0.31819, -0.55557, 1.19209e-07, 0.831469, -0.108386, 0.980785, 0.162212, -0.212607, 0.92388, 0.31819, -0.108386, -0.980785, 0.162211, -0.544895, -0.19509, 0.815493, -0.308658, 0.831469, 0.46194, -0.51328, -0.382683, 0.768178, -0.392847, 0.707107, 0.587938, -0.270598, 0.92388, 0.270598, -0.392847, 0.831469, 0.392847, -0.693519, -0.19509, 0.693519, -0.653281, -0.382683, 0.653281, -0.5, 0.707107, 0.5, -0.587937, -0.55557, 0.587937, -0.587937, 0.55557, 0.587937, -0.5, -0.707107, 0.5, -0.653281, 0.382683, 0.653281, -0.392847, -0.83147, 0.392847, -0.693519, 0.19509, 0.693519, -0.270598, -0.92388, 0.270598, -0.707106, 1.19209e-07, 0.707106, -0.137949, 0.980785, 0.13795, -0.137949, -0.980785, 0.13795, -0.768178, 0.382683, 0.51328, -0.815493, 0.19509, 0.544895, -0.461939, -0.83147, 0.308658, -0.318189, -0.92388, 0.212608, -0.831469, 1.19209e-07, 0.55557, -0.162211, 0.980785, 0.108386, -0.318189, 0.92388, 0.212608, -0.162211, -0.980785, 0.108386, -0.815493, -0.19509, 0.544895, -0.46194, 0.831469, 0.308658, -0.768178, -0.382683, 0.51328, -0.587937, 0.707107, 0.392847, -0.691341, -0.55557, 0.46194, -0.691341, 0.55557, 0.46194, -0.587937, -0.707107, 0.392847, -0.853553, -0.382683, 0.353553, -0.768177, -0.55557, 0.318189, -0.653281, 0.707107, 0.270598, -0.768177, 0.55557, 0.318189, -0.653281, -0.707107, 0.270598, -0.853553, 0.382683, 0.353553, -0.51328, -0.83147, 0.212607, -0.906127, 0.19509, 0.37533, -0.353553, -0.92388, 0.146446, -0.923879, 1.19209e-07, 0.382683, -0.18024, 0.980785, 0.0746578, -0.353553, 0.92388, 0.146446, -0.180239, -0.980785, 0.0746577, -0.906127, -0.19509, 0.37533, -0.51328, 0.831469, 0.212607, -0.37533, -0.92388, 0.0746578, -0.191341, -0.980785, 0.0380602, -0.980784, 1.19209e-07, 0.19509, -0.961939, -0.19509, 0.191341, -0.37533, 0.92388, 0.0746578, -0.544895, 0.831469, 0.108386, -0.906127, -0.382683, 0.18024, -0.693519, 0.707107, 0.137949, -0.815493, -0.55557, 0.162211, -0.815493, 0.55557, 0.162211, -0.693519, -0.707107, 0.137949, -0.906127, 0.382683, 0.18024, -0.544895, -0.83147, 0.108386, -0.961939, 0.19509, 0.191341, -0.191342, 0.980785, 0.0380602, 3.25841e-07, -1, -0, 2.01147e-07, 1, 3.01038e-07, -0.18024, -0.980785, -0.0746578, -0.162211, -0.980785, -0.108386, -0.137949, 0.980785, -0.13795, -0.137949, -0.980785, -0.13795, -0.108386, -0.980785, -0.162212, -0.108386, 0.980785, -0.162212, -0.0746575, -0.980785, -0.18024, -0.0746576, 0.980785, -0.18024, -1.0086, -1.73377, 0.997801, -1.0086, -1.73377, -1.0022, -1.0086, -3.73377, -1.0022, -1.0086, -3.73377, 0.997801, -1.0086, -1.73377, -1.0022, 0.991403, -1.73377, -1.0022, 0.991403, -3.73377, -1.0022, -1.0086, -3.73377, -1.0022, 0.991403, -1.73377, -1.0022, 0.991403, -1.73377, 0.997801, 0.991403, -3.73377, 0.997801, 0.991403, -3.73377, -1.0022, 0.991403, -1.73377, 0.997801, -1.0086, -1.73377, 0.997801, -1.0086, -3.73377, 0.997801, 0.991403, -3.73377, 0.997801, -1.0086, -3.73377, 0.997801, -1.0086, -3.73377, -1.0022, 0.991403, -3.73377, -1.0022, 0.991403, -3.73377, 0.997801, 0.991403, -1.73377, 0.997801, 0.991403, -1.73377, -1.0022, -1.0086, -1.73377, -1.0022, -1.0086, -1.73377, 0.997801 </vector3_array>
				<vector3_array  len="529"> 					-0.387, -0.921, -0, -0.559, -0.828, -0, -0.548, -0.828, -0.109, -0.379, -0.921, -0.076, -0.999, 0, -0, -0.98, 0.194, -0, -0.961, 0.194, -0.191, -0.98, 0, -0.195, -0.387, 0.922, -0, -0.2, 0.98, -0, -0.196, 0.98, -0.039, -0.379, 0.922, -0.076, -0.2, -0.979, -0, -0.196, -0.979, -0.039, -0.98, -0.193, -0, -0.961, -0.193, -0.191, -0.559, 0.829, -0, -0.548, 0.829, -0.109, -0.924, -0.38, -0, -0.906, -0.38, -0.18, -0.709, 0.704, -0, -0.695, 0.704, -0.139, -0.832, -0.552, -0, -0.816, -0.552, -0.163, -0.832, 0.553, -0, -0.816, 0.553, -0.163, -0.709, -0.703, -0, -0.695, -0.703, -0.139, -0.924, 0.381, -0, -0.906, 0.381, -0.18, -0.905, -0.193, -0.375, -0.853, -0.38, -0.354, -0.516, 0.829, -0.214, -0.655, 0.704, -0.272, -0.769, -0.552, -0.319, -0.769, 0.553, -0.319, -0.655, -0.703, -0.272, -0.853, 0.381, -0.354, -0.516, -0.828, -0.214, -0.905, 0.194, -0.375, -0.357, -0.921, -0.148, -0.923, 0, -0.383, -0.185, 0.98, -0.077, -0.357, 0.922, -0.148, -0.185, -0.979, -0.077, -0.464, -0.828, -0.311, -0.321, -0.921, -0.215, -0.815, 0.194, -0.545, -0.83, 0, -0.556, -0.166, 0.98, -0.112, -0.321, 0.922, -0.215, -0.166, -0.979, -0.112, -0.815, -0.193, -0.545, -0.464, 0.829, -0.311, -0.768, -0.38, -0.514, -0.589, 0.704, -0.395, -0.692, -0.552, -0.463, -0.692, 0.553, -0.463, -0.589, -0.703, -0.395, -0.768, 0.381, -0.514, -0.588, -0.552, -0.589, -0.501, -0.703, -0.502, -0.588, 0.553, -0.589, -0.653, 0.381, -0.654, -0.395, -0.828, -0.396, -0.693, 0.194, -0.694, -0.273, -0.921, -0.274, -0.706, 0, -0.707, -0.141, 0.98, -0.142, -0.273, 0.922, -0.274, -0.141, -0.979, -0.142, -0.693, -0.193, -0.694, -0.395, 0.829, -0.396, -0.653, -0.38, -0.654, -0.501, 0.704, -0.502, -0.544, -0.193, -0.816, -0.513, -0.38, -0.769, -0.31, 0.829, -0.465, -0.394, 0.704, -0.59, -0.462, -0.552, -0.693, -0.462, 0.553, -0.693, -0.394, -0.703, -0.59, -0.513, 0.381, -0.769, -0.31, -0.828, -0.465, -0.544, 0.194, -0.816, -0.214, -0.921, -0.322, -0.555, 0, -0.831, -0.111, 0.98, -0.167, -0.214, 0.922, -0.322, -0.111, -0.979, -0.167, -0.213, -0.828, -0.517, -0.147, -0.921, -0.358, -0.374, 0.194, -0.906, -0.382, 0, -0.924, -0.076, 0.98, -0.186, -0.147, 0.922, -0.358, -0.076, -0.979, -0.186, -0.374, -0.193, -0.906, -0.213, 0.829, -0.517, -0.353, -0.38, -0.854, -0.271, 0.704, -0.656, -0.318, -0.552, -0.77, -0.318, 0.553, -0.77, -0.271, -0.703, -0.656, -0.353, 0.381, -0.854, -0.162, -0.552, -0.817, -0.138, -0.703, -0.696, -0.162, 0.553, -0.817, -0.179, 0.381, -0.907, -0.108, -0.828, -0.549, -0.19, 0.194, -0.962, -0.075, -0.921, -0.38, -0.194, 0, -0.981, -0.038, 0.98, -0.197, -0.075, 0.922, -0.38, -0.038, -0.979, -0.197, -0.19, -0.193, -0.962, -0.108, 0.829, -0.549, -0.179, -0.38, -0.907, -0.138, 0.704, -0.696, -0.179, -0.38, -0.907, -0.19, -0.193, -0.962, 0, -0.193, -0.981, 0, -0.38, -0.925, -0.138, 0.704, -0.696, -0.108, 0.829, -0.549, 0, 0.829, -0.56, 0, 0.704, -0.71, -0.162, -0.552, -0.817, 0, -0.552, -0.833, -0.162, 0.553, -0.817, 0, 0.553, -0.833, -0.138, -0.703, -0.696, 0, -0.703, -0.71, -0.179, 0.381, -0.907, 0, 0.381, -0.925, -0.108, -0.828, -0.549, 0, -0.828, -0.56, -0.19, 0.194, -0.962, 0, 0.194, -0.981, -0.075, -0.921, -0.38, 0, -0.921, -0.388, -0.194, 0, -0.981, 0, 0, -1, -0.075, 0.922, -0.38, -0.038, 0.98, -0.197, 0, 0.98, -0.201, 0, 0.922, -0.388, -0.038, -0.979, -0.197, 0, -0.979, -0.201, 0.109, -0.828, -0.549, 0.076, -0.921, -0.38, 0.191, 0.194, -0.962, 0.195, 0, -0.981, 0.039, 0.98, -0.197, 0.076, 0.922, -0.38, 0.039, -0.979, -0.197, 0.191, -0.193, -0.962, 0.109, 0.829, -0.549, 0.18, -0.38, -0.907, 0.139, 0.704, -0.696, 0.163, -0.552, -0.817, 0.163, 0.553, -0.817, 0.139, -0.703, -0.696, 0.18, 0.381, -0.907, 0.272, 0.704, -0.656, 0.319, 0.553, -0.77, 0.319, -0.552, -0.77, 0.272, -0.703, -0.656, 0.354, 0.381, -0.854, 0.214, -0.828, -0.517, 0.375, 0.194, -0.906, 0.148, -0.921, -0.358, 0.383, 0, -0.924, 0.077, 0.98, -0.186, 0.148, 0.922, -0.358, 0.077, -0.979, -0.186, 0.375, -0.193, -0.906, 0.214, 0.829, -0.517, 0.354, -0.38, -0.854, 0.556, 0, -0.831, 0.545, -0.193, -0.816, 0.215, 0.922, -0.322, 0.311, 0.829, -0.465, 0.514, -0.38, -0.769, 0.395, 0.704, -0.59, 0.463, -0.552, -0.693, 0.463, 0.553, -0.693, 0.395, -0.703, -0.59, 0.514, 0.381, -0.769, 0.311, -0.828, -0.465, 0.545, 0.194, -0.816, 0.215, -0.921, -0.322, 0.112, 0.98, -0.167, 0.112, -0.979, -0.167, 0.502, -0.703, -0.502, 0.396, -0.828, -0.396, 0.654, 0.381, -0.654, 0.694, 0.194, -0.694, 0.274, -0.921, -0.274, 0.707, 0, -0.707, 0.142, 0.98, -0.142, 0.274, 0.922, -0.274, 0.142, -0.979, -0.142, 0.694, -0.193, -0.694, 0.396, 0.829, -0.396, 0.654, -0.38, -0.654, 0.502, 0.704, -0.502, 0.589, -0.552, -0.589, 0.589, 0.553, -0.589, 0.769, -0.38, -0.514, 0.693, -0.552, -0.463, 0.59, 0.704, -0.395, 0.693, 0.553, -0.463, 0.59, -0.703, -0.395, 0.769, 0.381, -0.514, 0.465, -0.828, -0.311, 0.816, 0.194, -0.545, 0.322, -0.921, -0.215, 0.831, 0, -0.556, 0.167, 0.98, -0.112, 0.322, 0.922, -0.215, 0.167, -0.979, -0.112, 0.816, -0.193, -0.545, 0.465, 0.829, -0.311, 0.358, -0.921, -0.148, 0.186, -0.979, -0.077, 0.924, 0, -0.383, 0.906, -0.193, -0.375, 0.358, 0.922, -0.148, 0.517, 0.829, -0.214, 0.854, -0.38, -0.354, 0.656, 0.704, -0.272, 0.77, -0.552, -0.319, 0.77, 0.553, -0.319, 0.656, -0.703, -0.272, 0.854, 0.381, -0.354, 0.517, -0.828, -0.214, 0.906, 0.194, -0.375, 0.186, 0.98, -0.077, 0.696, -0.703, -0.139, 0.549, -0.828, -0.109, 0.907, 0.381, -0.18, 0.962, 0.194, -0.191, 0.38, -0.921, -0.076, 0.981, 0, -0.195, 0.197, 0.98, -0.039, 0.38, 0.922, -0.076, 0.197, -0.979, -0.039, 0.962, -0.193, -0.191, 0.549, 0.829, -0.109, 0.907, -0.38, -0.18, 0.696, 0.704, -0.139, 0.817, -0.552, -0.163, 0.817, 0.553, -0.163, 0.925, -0.38, -0, 0.833, -0.552, -0, 0.71, 0.704, -0, 0.833, 0.553, -0, 0.71, -0.703, -0, 0.925, 0.381, -0, 0.56, -0.828, -0, 0.981, 0.194, -0, 0.388, -0.921, -0, 1, 0, -0, 0.201, 0.98, -0, 0.388, 0.922, -0, 0.201, -0.979, -0, 0.981, -0.193, -0, 0.56, 0.829, -0, 0.38, -0.921, 0.075, 0.197, -0.979, 0.038, 0.981, 0, 0.194, 0.962, -0.193, 0.19, 0.38, 0.922, 0.075, 0.549, 0.829, 0.108, 0.907, -0.38, 0.179, 0.696, 0.704, 0.138, 0.817, -0.552, 0.162, 0.817, 0.553, 0.162, 0.696, -0.703, 0.138, 0.907, 0.381, 0.179, 0.549, -0.828, 0.108, 0.962, 0.194, 0.19, 0.197, 0.98, 0.038, 0.656, -0.703, 0.271, 0.517, -0.828, 0.213, 0.854, 0.381, 0.353, 0.906, 0.194, 0.374, 0.358, -0.921, 0.147, 0.924, 0, 0.382, 0.186, 0.98, 0.076, 0.358, 0.922, 0.147, 0.186, -0.979, 0.076, 0.906, -0.193, 0.374, 0.517, 0.829, 0.213, 0.854, -0.38, 0.353, 0.656, 0.704, 0.271, 0.77, -0.552, 0.318, 0.77, 0.553, 0.318, 0.465, 0.829, 0.31, 0.59, 0.704, 0.394, 0.769, -0.38, 0.513, 0.693, -0.552, 0.462, 0.693, 0.553, 0.462, 0.59, -0.703, 0.394, 0.769, 0.381, 0.513, 0.465, -0.828, 0.31, 0.816, 0.194, 0.544, 0.322, -0.921, 0.214, 0.831, 0, 0.555, 0.167, 0.98, 0.111, 0.322, 0.922, 0.214, 0.167, -0.979, 0.111, 0.816, -0.193, 0.544, 0.694, 0.194, 0.693, 0.707, 0, 0.706, 0.142, 0.98, 0.141, 0.274, 0.922, 0.273, 0.274, -0.921, 0.273, 0.142, -0.979, 0.141, 0.694, -0.193, 0.693, 0.396, 0.829, 0.395, 0.654, -0.38, 0.653, 0.502, 0.704, 0.501, 0.589, -0.552, 0.588, 0.589, 0.553, 0.588, 0.502, -0.703, 0.501, 0.654, 0.381, 0.653, 0.396, -0.828, 0.395, 0.463, -0.552, 0.692, 0.395, -0.703, 0.589, 0.463, 0.553, 0.692, 0.514, 0.381, 0.768, 0.311, -0.828, 0.464, 0.545, 0.194, 0.815, 0.215, -0.921, 0.321, 0.556, 0, 0.83, 0.112, 0.98, 0.166, 0.215, 0.922, 0.321, 0.112, -0.979, 0.166, 0.545, -0.193, 0.815, 0.311, 0.829, 0.464, 0.514, -0.38, 0.768, 0.395, 0.704, 0.589, 0.375, -0.193, 0.905, 0.354, -0.38, 0.853, 0.214, 0.829, 0.516, 0.272, 0.704, 0.655, 0.319, -0.552, 0.769, 0.319, 0.553, 0.769, 0.272, -0.703, 0.655, 0.354, 0.381, 0.853, 0.214, -0.828, 0.516, 0.375, 0.194, 0.905, 0.148, -0.921, 0.357, 0.383, 0, 0.923, 0.077, 0.98, 0.185, 0.148, 0.922, 0.357, 0.077, -0.979, 0.185, 0.109, -0.828, 0.548, 0.076, -0.921, 0.379, 0.191, 0.194, 0.961, 0.195, 0, 0.98, 0.039, 0.98, 0.196, 0.076, 0.922, 0.379, 0.039, -0.979, 0.196, 0.191, -0.193, 0.961, 0.109, 0.829, 0.548, 0.18, -0.38, 0.906, 0.139, 0.704, 0.695, 0.163, -0.552, 0.816, 0.163, 0.553, 0.816, 0.139, -0.703, 0.695, 0.18, 0.381, 0.906, 0, -0.552, 0.832, 0, -0.703, 0.709, 0, 0.553, 0.832, 0, 0.381, 0.924, 0, -0.828, 0.559, 0, 0.194, 0.98, 0, -0.921, 0.387, 0, 0, 0.999, 0, 0.98, 0.2, 0, 0.922, 0.387, 0, -0.979, 0.2, 0, -0.193, 0.98, 0, 0.829, 0.559, 0, -0.38, 0.924, 0, 0.704, 0.709, -0.19, -0.193, 0.961, -0.179, -0.38, 0.906, -0.108, 0.829, 0.548, -0.138, 0.704, 0.695, -0.162, -0.552, 0.816, -0.162, 0.553, 0.816, -0.138, -0.703, 0.695, -0.179, 0.381, 0.906, -0.108, -0.828, 0.548, -0.19, 0.194, 0.961, -0.075, -0.921, 0.379, -0.194, 0, 0.98, -0.038, 0.98, 0.196, -0.075, 0.922, 0.379, -0.038, -0.979, 0.196, -0.213, -0.828, 0.516, -0.147, -0.921, 0.357, -0.374, 0.194, 0.905, -0.382, 0, 0.923, -0.076, 0.98, 0.185, -0.147, 0.922, 0.357, -0.076, -0.979, 0.185, -0.374, -0.193, 0.905, -0.213, 0.829, 0.516, -0.353, -0.38, 0.853, -0.271, 0.704, 0.655, -0.318, -0.552, 0.769, -0.318, 0.553, 0.769, -0.271, -0.703, 0.655, -0.353, 0.381, 0.853, -0.462, -0.552, 0.692, -0.394, -0.703, 0.589, -0.462, 0.553, 0.692, -0.513, 0.381, 0.768, -0.31, -0.828, 0.464, -0.544, 0.194, 0.815, -0.214, -0.921, 0.321, -0.555, 0, 0.83, -0.111, 0.98, 0.166, -0.214, 0.922, 0.321, -0.111, -0.979, 0.166, -0.544, -0.193, 0.815, -0.31, 0.829, 0.464, -0.513, -0.38, 0.768, -0.394, 0.704, 0.589, -0.273, 0.922, 0.273, -0.395, 0.829, 0.395, -0.693, -0.193, 0.693, -0.653, -0.38, 0.653, -0.501, 0.704, 0.501, -0.588, -0.552, 0.588, -0.588, 0.553, 0.588, -0.501, -0.703, 0.501, -0.653, 0.381, 0.653, -0.395, -0.828, 0.395, -0.693, 0.194, 0.693, -0.273, -0.921, 0.273, -0.706, 0, 0.706, -0.141, 0.98, 0.141, -0.141, -0.979, 0.141, -0.768, 0.381, 0.513, -0.815, 0.194, 0.544, -0.464, -0.828, 0.31, -0.321, -0.921, 0.214, -0.83, 0, 0.555, -0.166, 0.98, 0.111, -0.321, 0.922, 0.214, -0.166, -0.979, 0.111, -0.815, -0.193, 0.544, -0.464, 0.829, 0.31, -0.768, -0.38, 0.513, -0.589, 0.704, 0.394, -0.692, -0.552, 0.462, -0.692, 0.553, 0.462, -0.589, -0.703, 0.394, -0.853, -0.38, 0.353, -0.769, -0.552, 0.318, -0.655, 0.704, 0.271, -0.769, 0.553, 0.318, -0.655, -0.703, 0.271, -0.853, 0.381, 0.353, -0.516, -0.828, 0.213, -0.905, 0.194, 0.374, -0.357, -0.921, 0.147, -0.923, 0, 0.382, -0.185, 0.98, 0.076, -0.357, 0.922, 0.147, -0.185, -0.979, 0.076, -0.905, -0.193, 0.374, -0.516, 0.829, 0.213, -0.379, -0.921, 0.075, -0.196, -0.979, 0.038, -0.98, 0, 0.194, -0.961, -0.193, 0.19, -0.379, 0.922, 0.075, -0.548, 0.829, 0.108, -0.906, -0.38, 0.179, -0.695, 0.704, 0.138, -0.816, -0.552, 0.162, -0.816, 0.553, 0.162, -0.695, -0.703, 0.138, -0.906, 0.381, 0.179, -0.548, -0.828, 0.108, -0.961, 0.194, 0.19, -0.196, 0.98, 0.038, 0, -0.999, -0, 0, 1, -0, -0.185, -0.979, -0.077, -0.166, -0.979, -0.112, -0.141, 0.98, -0.142, -0.141, -0.979, -0.142, -0.111, -0.979, -0.167, -0.111, 0.98, -0.167, -0.076, -0.979, -0.186, -0.076, 0.98, -0.186, -0.999, 0, -0, -0.999, 0, -0, -0.999, 0, -0, -0.999, 0, -0, 0, 0, -1, 0, 0, -1, 0, 0, -1, 0, 0, -1, 1, 0, -0, 1, 0, -0, 1, 0, -0, 1, 0, -0, 0, 0, 0.999, 0, 0, 0.999, 0, 0, 0.999, 0, 0, 0.999, 0, -0.999, -0, 0, -0.999, -0, 0, -0.999, -0, 0, -0.999, -0, 0, 1, -0, 0, 1, -0, 0, 1, -0, 0, 1, -0 </vector3_array>
				<real_array  len="2116"> 					-8.45635e-07, 6.55321e-11, 5.43309e-05, -1, -7.60958e-07, 8.21475e-11, 7.88761e-05, -1, -1.61343e-05, 0, 7.72122e-05, -1, -1.14287e-05, 0, 5.3122e-05, -1, 3.14458e-10, 2.35952e-11, 0.000141973, -1, 1.78795e-07, -7.46003e-11, 0.000139245, -1, -2.69904e-05, -8.18762e-11, 0.000136605, -1, -2.76976e-05, -4.18367e-11, 0.000139245, -1, 8.45595e-07, -3.60059e-11, 5.43309e-05, -1, 8.97648e-07, -1.31877e-11, 2.76977e-05, -1, -4.52315e-06, 1.32495e-11, 2.73406e-05, -1, -9.77004e-06, 7.11452e-11, 5.34519e-05, -1, -8.97644e-07, 1.77967e-11, 2.76975e-05, -1, 3.70824e-05, 0, -0.000115969, 1, -1.78314e-07, 1.18204e-10, 0.000139245, -1, -2.73406e-05, -2.54659e-11, 0.000136535, -1, 7.61095e-07, 7.35022e-12, 7.88759e-05, -1, -1.46417e-05, 2.91035e-11, 7.75091e-05, -1, -3.501e-07, 1.51469e-10, 0.000131166, -1, -2.59328e-05, 0, 0.000128578, -1, 6.47297e-07, -3.15704e-11, 0.00010039, -1, -1.89506e-05, -2.18279e-11, 9.85877e-05, -1, -5.08347e-07, 1.8673e-10, 0.000118047, -1, -2.35285e-05, 0, 0.000115679, -1, 5.08612e-07, -7.53002e-11, 0.000118046, -1, -2.25311e-05, 1.45519e-11, 0.000115877, -1, -6.47088e-07, 9.33417e-11, 0.00010039, -1, -2.022e-05, 0, 9.83353e-05, -1, 3.50432e-07, -3.63799e-12, 0.000131166, -1, -2.52458e-05, -3.27635e-11, 0.000128714, -1, -5.34519e-05, 0, 0.000128578, -1, -5.05187e-05, 0, 0.000121048, -1, -2.94817e-05, -5.06199e-11, 7.31634e-05, -1, -3.782e-05, -6.35165e-11, 9.29963e-05, -1, -4.56443e-05, 0, 0.000108866, -1, -4.47048e-05, -3.4561e-11, 0.000109255, -1, -3.90157e-05, 0, 9.25011e-05, -1, -4.98717e-05, -8.39094e-11, 0.000121316, -1, -3.08876e-05, 0, 7.25808e-05, -1, -5.3122e-05, -4.3656e-11, 0.000128714, -1, -2.15727e-05, 0, 4.98716e-05, -1, -5.43308e-05, 0, 0.000131166, -1, -9.77018e-06, 0, 2.59328e-05, -1, -2.00105e-05, -2.1516e-11, 5.05189e-05, -1, -7.8728e-06, 0, 1.66611e-05, -1, -4.4454e-05, 0, 6.51604e-05, -1, -3.08877e-05, 0, 4.47048e-05, -1, -7.7212e-05, 0, 0.000115877, -1, -7.8876e-05, -9.08977e-11, 0.000118046, -1, 8.01326e-05, 1.25499e-10, -9.19525e-05, 1, -2.94818e-05, -4.8265e-11, 4.56443e-05, -1, -1.0972e-05, 0, 1.4805e-05, -1, -7.75089e-05, -4.54747e-11, 0.000115679, -1, -4.31887e-05, -5.07835e-11, 6.6006e-05, -1, -7.31633e-05, 0, 0.000108866, -1, -5.5236e-05, -6.35165e-11, 8.38312e-05, -1, -6.6006e-05, 0, 9.78697e-05, -1, -6.51604e-05, -4.02535e-11, 9.84346e-05, -1, -5.63121e-05, 0, 8.31121e-05, -1, -7.2581e-05, -8.39094e-11, 0.000109256, -1, -8.38313e-05, -7.48144e-11, 8.31122e-05, -1, -7.14445e-05, -3.45609e-11, 7.05292e-05, -1, -8.3112e-05, 0, 8.3831e-05, -1, -9.25009e-05, 0, 9.29962e-05, -1, -5.63121e-05, 0, 5.52359e-05, -1, -9.83349e-05, -4.5423e-11, 9.85874e-05, -1, -3.90157e-05, 0, 3.78199e-05, -1, -0.00010039, -9.08977e-11, 0.00010039, -1, -1.23801e-05, -2.64371e-11, 1.36494e-05, -1, -3.782e-05, -3.50773e-11, 3.90156e-05, -1, -1.36494e-05, 0, 1.238e-05, -1, -9.85875e-05, 0, 9.83349e-05, -1, -5.52358e-05, 0, 5.63119e-05, -1, -9.29963e-05, 0, 9.25009e-05, -1, -7.05291e-05, 0, 7.14442e-05, -1, -0.000115877, -8.90787e-11, 7.7212e-05, -1, -0.000109255, -8.39093e-11, 7.25809e-05, -1, -6.51603e-05, 0, 4.44539e-05, -1, -8.3112e-05, 0, 5.63119e-05, -1, -9.84349e-05, -7.48144e-11, 6.51606e-05, -1, -9.78696e-05, 0, 6.60058e-05, -1, -8.38311e-05, 0, 5.52358e-05, -1, -0.000108866, 0, 7.31631e-05, -1, -6.60059e-05, 0, 4.31885e-05, -1, -0.000115679, 0, 7.75089e-05, -1, -4.56442e-05, 0, 2.94816e-05, -1, -0.000118046, 0, 7.8876e-05, -1, -1.4805e-05, 0, 1.09719e-05, -1, -4.47047e-05, 0, 3.08876e-05, -1, -1.58024e-05, 0, 9.47927e-06, -1, -7.31632e-05, 0, 2.94815e-05, -1, -5.05187e-05, 0, 2.00103e-05, -1, -0.000128578, 0, 5.34518e-05, -1, -0.000131166, -4.5423e-11, 5.43308e-05, -1, -1.6661e-05, 0, 7.87277e-06, -1, -4.98716e-05, 0, 2.15727e-05, -1, -1.73481e-05, 0, 6.21423e-06, -1, -0.000128714, -8.90787e-11, 5.31218e-05, -1, -7.25809e-05, 0, 3.08876e-05, -1, -0.000121316, 0, 4.98715e-05, -1, -9.25009e-05, 0, 3.90156e-05, -1, -0.000109255, 7.48142e-11, 4.47047e-05, -1, -0.000108866, 0, 4.56441e-05, -1, -9.29963e-05, 3.45608e-11, 3.78198e-05, -1, -0.000121048, 0, 5.05186e-05, -1, -5.42731e-05, 7.48142e-11, 1.64635e-05, -1, -4.51072e-05, 0, 1.36831e-05, -1, -5.92369e-05, 0, 1.79693e-05, -1, -6.47724e-05, 0, 1.96485e-05, -1, -3.42079e-05, 0, 1.03768e-05, -1, -6.78186e-05, 0, 2.05725e-05, -1, -2.19941e-05, 0, 6.67182e-06, -1, -6.82587e-05, 0, 2.0706e-05, -1, -1.32308e-05, 0, 4.0135e-06, -1, -3.02489e-05, 0, 9.17591e-06, -1, -4.4675e-06, 0, 1.35519e-06, -1, -6.60754e-05, 0, 2.00437e-05, -1, -4.16371e-05, 0, 1.26305e-05, -1, -6.13532e-05, 4.02534e-11, 1.86112e-05, -1, -5.14251e-05, 0, 1.55996e-05, -1, -6.73611e-05, 0, 6.63452e-06, -1, -7.05292e-05, 0, 6.94649e-06, -1, -0.000139245, 0, -1.7851e-07, -1, -0.000131166, -4.02536e-11, -3.5018e-07, -1, -4.69101e-05, 0, 4.62024e-06, -1, -3.55752e-05, 0, 3.50383e-06, -1, -7.88762e-05, -8.2452e-11, 7.60845e-07, -1, -0.00010039, -2.91038e-11, 6.47123e-07, -1, -6.16048e-05, -7.48146e-11, 6.06759e-06, -1, -0.000118047, -4.23273e-16, -5.08459e-07, -1, -5.64422e-05, 0, 5.55906e-06, -1, -0.000118047, 0, 5.08438e-07, -1, -5.34806e-05, -3.4561e-11, 5.26741e-06, -1, -0.00010039, 3.45608e-11, -6.47156e-07, -1, -6.38054e-05, 0, 6.28426e-06, -1, -0.000131166, 0, 3.50232e-07, -1, -4.33013e-05, 0, 4.2648e-06, -1, -7.88763e-05, 0, -7.60975e-07, -1, -6.87165e-05, 0, 6.76798e-06, -1, -0.000139246, 0, 1.78513e-07, -1, -3.14579e-05, 0, 3.09832e-06, -1, -5.4331e-05, 0, -8.45516e-07, -1, -7.09869e-05, 0, 6.99154e-06, -1, -0.000141973, 0, 1.50067e-11, -1, -2.28732e-05, 0, 2.2528e-06, -1, -1.37596e-05, 0, 2.27038e-06, -1, -2.76978e-05, 0, 8.97609e-07, -1, -5.4331e-05, -5.17065e-11, 8.45403e-07, -1, -2.28731e-05, 0, 3.168e-06, -1, -2.76977e-05, 0, -8.9759e-07, -1, -7.72121e-05, 0, -1.61343e-05, -1, -5.31219e-05, 0, -1.14287e-05, -1, -0.000136604, 0, -2.69903e-05, -1, -0.000139245, 0, -2.76976e-05, -1, -2.73406e-05, -1.98742e-11, -4.52323e-06, -1, -5.34519e-05, -7.32224e-11, -9.77032e-06, -1, -2.69903e-05, 0, -6.2839e-06, -1, -0.000136534, 0, -2.73405e-05, -1, -7.75088e-05, -5.06197e-11, -1.46417e-05, -1, -0.000128577, -4.34419e-11, -2.59327e-05, -1, -9.85873e-05, 0, -1.89505e-05, -1, -0.000115679, -4.00175e-11, -2.35284e-05, -1, -0.000115877, 0, -2.25311e-05, -1, -9.83351e-05, -3.45607e-11, -2.02199e-05, -1, -0.000128714, 0, -2.52457e-05, -1, -9.29959e-05, -6.3516e-11, -3.78198e-05, -1, -0.000109255, -3.45607e-11, -4.47046e-05, -1, -0.000108866, -7.48139e-11, -4.56441e-05, -1, -9.25007e-05, 0, -3.90155e-05, -1, -0.000121316, 0, -4.98715e-05, -1, -7.25808e-05, 0, -3.08876e-05, -1, -0.000128714, 0, -5.31218e-05, -1, -4.98716e-05, 0, -2.15727e-05, -1, -0.000131166, 0, -5.43308e-05, -1, -2.59328e-05, 0, -9.77019e-06, -1, -5.05187e-05, 0, -2.00104e-05, -1, -2.52458e-05, 0, -1.14287e-05, -1, -0.000128577, -4.36774e-11, -5.34518e-05, -1, -7.3163e-05, 0, -2.94815e-05, -1, -0.000121048, -1.23948e-10, -5.05186e-05, -1, -0.000118046, 0, -7.88761e-05, -1, -0.000115679, 0, -7.7509e-05, -1, -4.56442e-05, 0, -2.94816e-05, -1, -6.60057e-05, -5.42652e-11, -4.31885e-05, -1, -0.000108866, 0, -7.31632e-05, -1, -8.38307e-05, -7.80679e-11, -5.52358e-05, -1, -9.78695e-05, 0, -6.60058e-05, -1, -9.84342e-05, 0, -6.51602e-05, -1, -8.31119e-05, 0, -5.63119e-05, -1, -0.000109255, 0, -7.25808e-05, -1, -6.51604e-05, 0, -4.4454e-05, -1, -0.000115877, 0, -7.7212e-05, -1, -4.47046e-05, 3.47035e-11, -3.08877e-05, -1, -2.35285e-05, 0, -1.46417e-05, -1, -2.2531e-05, 1.31877e-11, -1.61344e-05, -1, -7.0529e-05, 0, -7.14442e-05, -1, -5.52356e-05, 2.15158e-11, -5.63118e-05, -1, -9.29961e-05, -4.00178e-11, -9.25008e-05, -1, -9.85875e-05, 0, -9.8335e-05, -1, -3.78197e-05, 3.47035e-11, -3.90156e-05, -1, -0.00010039, 0, -0.00010039, -1, -2.02199e-05, 0, -1.89505e-05, -1, -3.90156e-05, -1.07579e-11, -3.78199e-05, -1, -1.89505e-05, 0, -2.022e-05, -1, -9.8335e-05, 0, -9.85875e-05, -1, -5.63118e-05, -1.21431e-16, -5.52357e-05, -1, -9.25008e-05, 0, -9.29962e-05, -1, -7.1444e-05, 1.45518e-11, -7.05288e-05, -1, -8.31119e-05, 0, -8.3831e-05, -1, -8.38308e-05, -7.53002e-11, -8.31118e-05, -1, -7.25807e-05, 8.36951e-11, -0.000109255, -1, -6.51603e-05, 4.00178e-11, -9.84345e-05, -1, -5.63118e-05, 2.82338e-11, -8.31117e-05, -1, -6.60058e-05, -4.07394e-11, -9.78695e-05, -1, -5.52356e-05, 0, -8.38309e-05, -1, -7.31631e-05, 0, -0.000108866, -1, -4.31883e-05, 0, -6.60057e-05, -1, -7.75089e-05, 0, -0.000115679, -1, -2.94815e-05, 0, -4.56442e-05, -1, -7.88761e-05, 0, -0.000118046, -1, -1.61344e-05, 0, -2.25311e-05, -1, -3.08876e-05, 1.07579e-11, -4.47047e-05, -1, -1.46417e-05, 0, -2.35285e-05, -1, -7.7212e-05, 0, -0.000115877, -1, -4.44538e-05, 2.53097e-11, -6.51601e-05, -1, -2.00103e-05, 0, -5.05186e-05, -1, -9.77013e-06, 0, -2.59328e-05, -1, -5.43307e-05, 0, -0.000131166, -1, -5.31218e-05, 4.36774e-11, -0.000128714, -1, -2.15727e-05, 0, -4.98716e-05, -1, -3.08876e-05, 2.89554e-11, -7.25807e-05, -1, -4.98715e-05, 8.36951e-11, -0.000121316, -1, -3.90156e-05, 6.35162e-11, -9.25008e-05, -1, -4.47047e-05, 7.48142e-11, -0.000109255, -1, -4.56442e-05, 7.53001e-11, -0.000108866, -1, -3.78198e-05, 3.45608e-11, -9.29962e-05, -1, -5.05186e-05, 4.00177e-11, -0.000121048, -1, -2.94815e-05, 0, -7.3163e-05, -1, -5.34518e-05, 0, -0.000128578, -1, -1.14287e-05, 0, -2.52458e-05, -1, -1.89505e-05, 0, -9.85877e-05, -1, -1.46416e-05, 0, -7.75088e-05, -1, -2.59327e-05, 0, -0.000128578, -1, -2.73405e-05, 0, -0.000136535, -1, -9.77011e-06, 0, -5.34517e-05, -1, -2.76975e-05, 0, -0.000139245, -1, -6.2839e-06, 0, -2.69904e-05, -1, -1.14287e-05, 0, -5.3122e-05, -1, -4.52318e-06, 0, -2.73406e-05, -1, -2.69902e-05, 0, -0.000136604, -1, -1.61342e-05, 0, -7.72118e-05, -1, -2.52457e-05, 4.02534e-11, -0.000128714, -1, -2.02199e-05, 3.52824e-11, -9.83349e-05, -1, -2.2531e-05, 7.48142e-11, -0.000115878, -1, -2.35284e-05, 7.53001e-11, -0.000115679, -1, 3.50285e-07, 4.36557e-11, -0.000131166, -1, 5.0848e-07, 0, -0.000118047, -1, -6.47094e-07, 0, -0.00010039, -1, -5.08415e-07, 0, -0.000118046, -1, 6.47182e-07, 0, -0.00010039, -1, -3.50228e-07, 0, -0.000131166, -1, 7.60985e-07, 0, -7.8876e-05, -1, -1.78516e-07, 0, -0.000139245, -1, 8.45443e-07, -3.47036e-11, -5.43308e-05, -1, 1.45519e-11, 0, -0.000141973, -1, -8.97602e-07, 0, -2.76977e-05, -1, -8.45542e-07, 1.75386e-11, -5.43308e-05, -1, 8.97572e-07, -1.31877e-11, -2.76976e-05, -1, 1.78554e-07, 8.90786e-11, -0.000139245, -1, -7.60942e-07, 1.09139e-11, -7.88759e-05, -1, 1.14286e-05, -3.47036e-11, -5.3122e-05, -1, 6.2839e-06, 0, -2.69903e-05, -1, 2.76976e-05, 4.54229e-11, -0.000139245, -1, 2.73405e-05, 8.90786e-11, -0.000136534, -1, 9.77013e-06, 1.75386e-11, -5.34518e-05, -1, 1.46416e-05, 5.06196e-11, -7.75088e-05, -1, 2.59328e-05, 0, -0.000128578, -1, 1.89505e-05, 2.91038e-11, -9.85874e-05, -1, 2.35284e-05, 0, -0.000115679, -1, 2.2531e-05, 0, -0.000115877, -1, 2.02199e-05, 0, -9.83353e-05, -1, 2.52458e-05, 0, -0.000128714, -1, 1.61343e-05, -2.15159e-11, -7.72121e-05, -1, 2.69903e-05, 0, -0.000136605, -1, 4.52318e-06, 6.6247e-12, -2.73406e-05, -1, 3.90157e-05, 0, -9.2501e-05, -1, 3.08876e-05, 0, -7.25808e-05, -1, 4.98716e-05, 0, -0.000121316, -1, 5.31219e-05, 0, -0.000128714, -1, 2.15727e-05, 0, -4.98716e-05, -1, 5.43308e-05, 0, -0.000131166, -1, 9.77017e-06, 0, -2.59328e-05, -1, 2.00103e-05, 2.15158e-11, -5.05187e-05, -1, 1.14287e-05, 0, -2.52458e-05, -1, 5.34517e-05, 0, -0.000128577, -1, 2.94814e-05, 5.06196e-11, -7.3163e-05, -1, 5.05187e-05, 0, -0.000121048, -1, 3.78198e-05, 0, -9.29961e-05, -1, 4.56442e-05, 0, -0.000108866, -1, 4.47047e-05, 0, -0.000109255, -1, 4.31884e-05, 0, -6.60057e-05, -1, 5.52357e-05, 0, -8.38308e-05, -1, 7.31632e-05, 0, -0.000108866, -1, 6.6006e-05, 0, -9.78697e-05, -1, 6.51603e-05, 0, -9.84344e-05, -1, 5.6312e-05, 0, -8.3112e-05, -1, 7.25808e-05, 0, -0.000109255, -1, 4.44539e-05, 0, -6.51603e-05, -1, 7.72121e-05, 0, -0.000115877, -1, 3.08876e-05, 0, -4.47047e-05, -1, 7.8876e-05, 0, -0.000118046, -1, 1.46417e-05, 0, -2.35284e-05, -1, 2.94815e-05, 0, -4.56441e-05, -1, 1.61343e-05, 0, -2.2531e-05, -1, 7.75088e-05, 0, -0.000115679, -1, 9.8335e-05, 0, -9.85875e-05, -1, 0.00010039, 9.08975e-11, -0.00010039, -1, 1.89505e-05, 0, -2.02199e-05, -1, 3.78197e-05, 3.50772e-11, -3.90156e-05, -1, 3.90155e-05, 0, -3.78198e-05, -1, 2.02199e-05, 0, -1.89504e-05, -1, 9.85874e-05, 4.54746e-11, -9.83349e-05, -1, 5.52357e-05, 2.18278e-11, -5.63118e-05, -1, 9.29962e-05, 0, -9.25009e-05, -1, 7.0529e-05, 0, -7.14441e-05, -1, 8.38311e-05, 0, -8.3112e-05, -1, 8.31118e-05, 0, -8.38308e-05, -1, 7.14444e-05, 0, -7.05291e-05, -1, 9.25008e-05, 0, -9.2996e-05, -1, 5.63119e-05, 0, -5.52357e-05, -1, 9.84347e-05, 0, -6.51604e-05, -1, 8.38311e-05, 0, -5.52359e-05, -1, 9.78695e-05, 3.45608e-11, -6.60058e-05, -1, 0.000108866, 0, -7.31632e-05, -1, 6.60058e-05, 0, -4.31885e-05, -1, 0.000115679, 4.54229e-11, -7.75088e-05, -1, 4.56442e-05, 0, -2.94815e-05, -1, 0.000118046, 9.08975e-11, -7.88758e-05, -1, 2.2531e-05, 1.32494e-11, -1.61343e-05, -1, 4.47046e-05, 3.50772e-11, -3.08876e-05, -1, 2.35284e-05, 0, -1.46416e-05, -1, 0.000115877, 0, -7.7212e-05, -1, 6.51603e-05, 0, -4.44539e-05, -1, 0.000109255, 0, -7.25808e-05, -1, 8.31118e-05, 6.35162e-11, -5.63119e-05, -1, 0.000128714, 0, -5.31218e-05, -1, 0.000121316, 0, -4.98715e-05, -1, 7.25807e-05, 2.89554e-11, -3.08876e-05, -1, 9.25008e-05, 6.35162e-11, -3.90156e-05, -1, 0.000109255, 0, -4.47047e-05, -1, 0.000108866, 0, -4.56442e-05, -1, 9.29963e-05, 0, -3.78199e-05, -1, 0.000121048, 8.3909e-11, -5.05186e-05, -1, 7.31631e-05, 0, -2.94815e-05, -1, 0.000128577, 1.32808e-10, -5.34517e-05, -1, 5.05187e-05, 0, -2.00103e-05, -1, 0.000131166, 4.54746e-11, -5.43307e-05, -1, 2.52458e-05, 0, -1.14287e-05, -1, 4.98716e-05, 0, -2.15726e-05, -1, 2.59327e-05, 0, -9.77013e-06, -1, 7.75088e-05, 0, -1.46416e-05, -1, 5.34518e-05, 0, -9.77013e-06, -1, 0.000136535, 8.91521e-11, -2.73405e-05, -1, 0.000139245, 0, -2.76975e-05, -1, 2.69903e-05, 0, -6.28387e-06, -1, 5.31219e-05, 0, -1.14287e-05, -1, 2.73405e-05, 0, -4.52317e-06, -1, 0.000136605, 0, -2.69902e-05, -1, 7.72119e-05, 0, -1.61343e-05, -1, 0.000128714, 0, -2.52457e-05, -1, 9.8335e-05, 0, -2.02198e-05, -1, 0.000115877, 0, -2.25311e-05, -1, 0.000115679, 1.15553e-10, -2.35284e-05, -1, 9.85874e-05, 0, -1.89504e-05, -1, 0.000128577, 1.67604e-10, -2.59327e-05, -1, 0.000118047, -7.48146e-11, 5.08444e-07, -1, 0.00010039, -3.4561e-11, 6.47187e-07, -1, 0.000118046, 7.53001e-11, -5.08473e-07, -1, 0.000131166, 0, -3.50157e-07, -1, 7.88762e-05, 0, 7.60994e-07, -1, 0.000139245, 0, -1.78442e-07, -1, 5.43309e-05, 0, 8.45525e-07, -1, 0.000141973, 0, 8.73115e-11, -1, 2.76977e-05, 1.76615e-11, -8.97677e-07, -1, 5.43309e-05, 1.31877e-11, -8.4554e-07, -1, 2.76976e-05, 0, 8.97607e-07, -1, 0.000139245, 0, 1.7861e-07, -1, 7.88759e-05, 5.06197e-11, -7.60998e-07, -1, 0.000131166, 0, 3.50257e-07, -1, 0.00010039, 6.43862e-11, -6.47166e-07, -1, 0.000136535, 0, 2.73406e-05, -1, 0.000128578, -4.02536e-11, 2.59328e-05, -1, 7.75089e-05, 7.24475e-11, 1.46415e-05, -1, 9.85876e-05, 0, 1.89505e-05, -1, 0.000115679, -4.23273e-16, 2.35285e-05, -1, 0.000115877, 0, 2.25311e-05, -1, 9.83352e-05, 3.45608e-11, 2.022e-05, -1, 0.000128714, 0, 2.52458e-05, -1, 7.72121e-05, 0, 1.61343e-05, -1, 0.000136604, 0, 2.69904e-05, -1, 5.3122e-05, 0, 1.14287e-05, -1, 0.000139245, 0, 2.76976e-05, -1, 2.73406e-05, 1.76615e-11, 4.52311e-06, -1, 5.34518e-05, 5.65931e-11, 9.77003e-06, -1, 2.69903e-05, 0, 6.28388e-06, -1, 7.25808e-05, 0, 3.08876e-05, -1, 4.98716e-05, 0, 2.15727e-05, -1, 0.000128714, 0, 5.31219e-05, -1, 0.000131166, 0, 5.43308e-05, -1, 2.59328e-05, 1.32494e-11, 9.7701e-06, -1, 5.05187e-05, 3.50772e-11, 2.00102e-05, -1, 2.52458e-05, 0, 1.14287e-05, -1, 0.000128578, 0, 5.34518e-05, -1, 7.31632e-05, 0, 2.94816e-05, -1, 0.000121048, 4.02534e-11, 5.05188e-05, -1, 9.29961e-05, 0, 3.78198e-05, -1, 0.000108866, -1.42247e-16, 4.56443e-05, -1, 0.000109255, 0, 4.47047e-05, -1, 9.2501e-05, -3.45609e-11, 3.90156e-05, -1, 0.000121316, 0, 4.98716e-05, -1, 9.78698e-05, -7.48143e-11, 6.6006e-05, -1, 8.31119e-05, 0, 5.63119e-05, -1, 9.84346e-05, 0, 6.51605e-05, -1, 0.000109255, 0, 7.25809e-05, -1, 6.51603e-05, -5.07834e-11, 4.44539e-05, -1, 0.000115877, 0, 7.72121e-05, -1, 4.47047e-05, -2.18279e-11, 3.08876e-05, -1, 0.000118046, 0, 7.88761e-05, -1, 2.35284e-05, 0, 1.46416e-05, -1, 4.56441e-05, 0, 2.94815e-05, -1, 2.2531e-05, 0, 1.61343e-05, -1, 0.000115679, 0, 7.7509e-05, -1, 6.60058e-05, 0, 4.31885e-05, -1, 0.000108866, -4.02534e-11, 7.31633e-05, -1, 8.3831e-05, 0, 5.52358e-05, -1, 3.90156e-05, 0, 3.78199e-05, -1, 5.6312e-05, 0, 5.52359e-05, -1, 9.83349e-05, 0, 9.85875e-05, -1, 9.2501e-05, 0, 9.29963e-05, -1, 7.14443e-05, 0, 7.05292e-05, -1, 8.3112e-05, 0, 8.38311e-05, -1, 8.3831e-05, 0, 8.3112e-05, -1, 7.05291e-05, -2.89555e-11, 7.14443e-05, -1, 9.29961e-05, 0, 9.25008e-05, -1, 5.52359e-05, -5.07834e-11, 5.6312e-05, -1, 9.85874e-05, 0, 9.8335e-05, -1, 3.78198e-05, 0, 3.90155e-05, -1, 0.00010039, 0, 0.00010039, -1, 2.02199e-05, 0, 1.89505e-05, -1, 1.89504e-05, 0, 2.02198e-05, -1, 7.31632e-05, 2.00089e-11, 0.000108866, -1, 7.75089e-05, 0, 0.000115679, -1, 4.31886e-05, -2.91039e-11, 6.60059e-05, -1, 2.94816e-05, -5.22827e-11, 4.56441e-05, -1, 7.8876e-05, 0, 0.000118046, -1, 1.61343e-05, 0, 2.25311e-05, -1, 3.08876e-05, 0, 4.47048e-05, -1, 1.46418e-05, -3.78059e-11, 2.35285e-05, -1, 7.7212e-05, 0, 0.000115877, -1, 4.4454e-05, 0, 6.51604e-05, -1, 7.25809e-05, 0, 0.000109255, -1, 5.63119e-05, 0, 8.31119e-05, -1, 6.51605e-05, -7.48143e-11, 9.84347e-05, -1, 6.60058e-05, 3.76501e-11, 9.78695e-05, -1, 5.52359e-05, -9.89471e-11, 8.38311e-05, -1, 4.98717e-05, -1.67605e-10, 0.000121316, -1, 4.47049e-05, -1.50115e-10, 0.000109256, -1, 3.90155e-05, 5.03088e-11, 9.25007e-05, -1, 4.56441e-05, 1.81898e-11, 0.000108866, -1, 3.78199e-05, -6.43863e-11, 9.29962e-05, -1, 5.05186e-05, -2.00089e-11, 0.000121048, -1, 2.94815e-05, -3.22738e-11, 7.31632e-05, -1, 5.34517e-05, 0, 0.000128578, -1, 2.00105e-05, -6.55322e-11, 5.05187e-05, -1, 5.43307e-05, 0, 0.000131166, -1, 1.14287e-05, 0, 2.52458e-05, -1, 2.15727e-05, 0, 4.98716e-05, -1, 9.77026e-06, -1.7797e-11, 2.59328e-05, -1, 5.31219e-05, -8.90788e-11, 0.000128714, -1, 3.08876e-05, 0, 7.25808e-05, -1, 9.77007e-06, 7.3201e-11, 5.34518e-05, -1, 4.52308e-06, 3.78056e-11, 2.73403e-05, -1, 2.76979e-05, -2.72332e-11, 0.000139245, -1, 2.69906e-05, -3.65975e-12, 0.000136605, -1, 1.14287e-05, -3.50156e-11, 5.31219e-05, -1, 1.61343e-05, -8.70736e-11, 7.7212e-05, -1, 2.5246e-05, 5.63886e-11, 0.000128714, -1, 2.02199e-05, -6.1297e-11, 9.83349e-05, -1, 2.25312e-05, 1.91465e-10, 0.000115877, -1, 2.35286e-05, -1.45692e-10, 0.000115679, -1, 1.89505e-05, 1.35327e-10, 9.85875e-05, -1, 2.59329e-05, -4.72937e-11, 0.000128577, -1, 1.46417e-05, 7.89776e-11, 7.75089e-05, -1, 2.73407e-05, -2.18279e-11, 0.000136535, -1, 6.28395e-06, 0, 2.69903e-05, -1, 4.33663e-05, -2.34188e-16, -0.000142959, 1, 9.47743e-05, 1.43161e-10, -0.000115481, 1, 3.98104e-05, 0, -0.000134374, 1, -5.16238e-06, 0, 7.72604e-06, -1, 8.82039e-05, 1.38687e-10, -0.00010891, 1, -6.57047e-06, 0, 6.57046e-06, -1, -7.72605e-06, 0, 5.16238e-06, -1, -7.72607e-06, 0, 5.16239e-06, -1, -8.58472e-06, 0, 3.5559e-06, -1, -8.58475e-06, 0, 3.55591e-06, -1, 0, 4.76837e-07, 4, -1, 0, 2.38419e-07, 2, -1, 0, 4.76837e-07, 4, -1, 0, 2.38419e-07, 2, -1, -4, 4.76837e-07, 0, -1, -2, 2.38419e-07, 0, -1, -4, 4.76837e-07, 0, -1, -2, 2.38419e-07, 0, -1, 0, 4.76837e-07, -4, -1, 0, 2.38419e-07, -2, -1, 0, 4.76837e-07, -4, -1, 0, 2.38419e-07, -2, -1, 4, 4.76837e-07, 0, -1, 2, 2.38419e-07, 0, -1, 4, 4.76837e-07, 0, -1, 2, 2.38419e-07, 0, -1, -4.76837e-07, 0, 4, -1, -2.38418e-07, 0, 2, -1, -4.76837e-07, 0, 4, -1, -2.38419e-07, 0, 2, -1, 4.76837e-07, 0, 4, -1, 2.38418e-07, 0, 2, -1, 4.76837e-07, 0, 4, -1, 2.38419e-07, 0, 2, -1 </real_array>
				<nil>  </nil>
				<vector3_array  len="529"> 					0.25, 0.875, 0, 0.25, 0.8125, 0, 0.21875, 0.8125, 0, 0.21875, 0.875, 0, 0.25, 0.5, 0, 0.25, 0.4375, 0, 0.21875, 0.4375, 0, 0.21875, 0.5, 0, 0.25, 0.125, 0, 0.25, 0.0624999, 0, 0.21875, 0.0624999, 0, 0.21875, 0.125, 0, 0.25, 0.9375, 0, 0.21875, 0.9375, 0, 0.25, 0.5625, 0, 0.21875, 0.5625, 0, 0.25, 0.1875, 0, 0.21875, 0.1875, 0, 0.25, 0.625, 0, 0.21875, 0.625, 0, 0.25, 0.25, 0, 0.21875, 0.25, 0, 0.25, 0.6875, 0, 0.21875, 0.6875, 0, 0.25, 0.3125, 0, 0.21875, 0.3125, 0, 0.25, 0.75, 0, 0.21875, 0.75, 0, 0.25, 0.375, 0, 0.21875, 0.375, 0, 0.1875, 0.5625, 0, 0.1875, 0.625, 0, 0.1875, 0.1875, 0, 0.1875, 0.25, 0, 0.1875, 0.6875, 0, 0.1875, 0.3125, 0, 0.1875, 0.75, 0, 0.1875, 0.375, 0, 0.1875, 0.8125, 0, 0.1875, 0.4375, 0, 0.1875, 0.875, 0, 0.1875, 0.5, 0, 0.1875, 0.0624999, 0, 0.1875, 0.125, 0, 0.1875, 0.9375, 0, 0.15625, 0.8125, 0, 0.15625, 0.875, 0, 0.15625, 0.4375, 0, 0.15625, 0.5, 0, 0.15625, 0.0624999, 0, 0.15625, 0.125, 0, 0.15625, 0.9375, 0, 0.15625, 0.5625, 0, 0.15625, 0.1875, 0, 0.15625, 0.625, 0, 0.15625, 0.25, 0, 0.15625, 0.6875, 0, 0.15625, 0.3125, 0, 0.15625, 0.75, 0, 0.15625, 0.375, 0, 0.125, 0.6875, 0, 0.125, 0.75, 0, 0.125, 0.3125, 0, 0.125, 0.375, 0, 0.125, 0.8125, 0, 0.125, 0.4375, 0, 0.125, 0.875, 0, 0.125, 0.5, 0, 0.125, 0.0625, 0, 0.125, 0.125, 0, 0.125, 0.9375, 0, 0.125, 0.5625, 0, 0.125, 0.1875, 0, 0.125, 0.625, 0, 0.125, 0.25, 0, 0.0937499, 0.5625, 0, 0.0937499, 0.625, 0, 0.0937499, 0.1875, 0, 0.0937499, 0.25, 0, 0.0937499, 0.6875, 0, 0.0937499, 0.3125, 0, 0.0937499, 0.75, 0, 0.0937499, 0.375, 0, 0.0937499, 0.8125, 0, 0.0937499, 0.4375, 0, 0.0937499, 0.875, 0, 0.0937499, 0.5, 0, 0.0937496, 0.0625, 0, 0.0937498, 0.125, 0, 0.0937499, 0.9375, 0, 0.0624999, 0.8125, 0, 0.0624999, 0.875, 0, 0.0624999, 0.4375, 0, 0.0624999, 0.5, 0, 0.0624996, 0.0625, 0, 0.0624998, 0.125, 0, 0.0624999, 0.9375, 0, 0.0624999, 0.5625, 0, 0.0624999, 0.1875, 0, 0.0624999, 0.625, 0, 0.0624999, 0.25, 0, 0.0624999, 0.6875, 0, 0.0624999, 0.3125, 0, 0.0624999, 0.75, 0, 0.0624999, 0.375, 0, 0.0312499, 0.6875, 0, 0.0312499, 0.75, 0, 0.0312499, 0.3125, 0, 0.0312499, 0.375, 0, 0.0312499, 0.8125, 0, 0.0312499, 0.4375, 0, 0.0312499, 0.875, 0, 0.0312499, 0.5, 0, 0.0312496, 0.0625, 0, 0.0312498, 0.125, 0, 0.0312498, 0.9375, 0, 0.0312499, 0.5625, 0, 0.0312499, 0.1875, 0, 0.0312499, 0.625, 0, 0.0312499, 0.25, 0, 1.03125, 0.625, 0, 1.03125, 0.5625, 0, 1, 0.5625, 0, 1, 0.625, 0, 1.03125, 0.25, 0, 1.03125, 0.1875, 0, 1, 0.1875, 0, 1, 0.25, 0, 1.03125, 0.6875, 0, 1, 0.6875, 0, 1.03125, 0.3125, 0, 1, 0.3125, 0, 1.03125, 0.75, 0, 1, 0.75, 0, 1.03125, 0.375, 0, 1, 0.375, 0, 1.03125, 0.8125, 0, 1, 0.8125, 0, 1.03125, 0.4375, 0, 1, 0.4375, 0, 1.03125, 0.875, 0, 1, 0.875, 0, 1.03125, 0.5, 0, 1, 0.5, 0, 1.03125, 0.125, 0, 1.03125, 0.0625, 0, 1, 0.0625, 0, 1, 0.125, 0, 1.03125, 0.9375, 0, 1, 0.9375, 0, 0.96875, 0.8125, 0, 0.96875, 0.875, 0, 0.96875, 0.4375, 0, 0.96875, 0.5, 0, 0.96875, 0.0625, 0, 0.96875, 0.125, 0, 0.96875, 0.9375, 0, 0.96875, 0.5625, 0, 0.96875, 0.1875, 0, 0.96875, 0.625, 0, 0.96875, 0.25, 0, 0.96875, 0.6875, 0, 0.96875, 0.3125, 0, 0.96875, 0.75, 0, 0.96875, 0.375, 0, 0.9375, 0.25, 0, 0.9375, 0.3125, 0, 0.9375, 0.6875, 0, 0.9375, 0.75, 0, 0.9375, 0.375, 0, 0.9375, 0.8125, 0, 0.9375, 0.4375, 0, 0.9375, 0.875, 0, 0.9375, 0.5, 0, 0.9375, 0.0625, 0, 0.9375, 0.125, 0, 0.9375, 0.9375, 0, 0.9375, 0.5625, 0, 0.9375, 0.1875, 0, 0.9375, 0.625, 0, 0.90625, 0.5, 0, 0.90625, 0.5625, 0, 0.90625, 0.125, 0, 0.90625, 0.1875, 0, 0.90625, 0.625, 0, 0.90625, 0.25, 0, 0.90625, 0.6875, 0, 0.90625, 0.3125, 0, 0.90625, 0.75, 0, 0.90625, 0.375, 0, 0.90625, 0.8125, 0, 0.90625, 0.4375, 0, 0.90625, 0.875, 0, 0.90625, 0.0625, 0, 0.90625, 0.9375, 0, 0.875, 0.75, 0, 0.875, 0.8125, 0, 0.875, 0.375, 0, 0.875, 0.4375, 0, 0.875, 0.875, 0, 0.875, 0.5, 0, 0.875, 0.0625, 0, 0.875, 0.125, 0, 0.875, 0.9375, 0, 0.875, 0.5625, 0, 0.875, 0.1875, 0, 0.875, 0.625, 0, 0.875, 0.25, 0, 0.875, 0.6875, 0, 0.875, 0.3125, 0, 0.84375, 0.625, 0, 0.84375, 0.6875, 0, 0.84375, 0.25, 0, 0.84375, 0.3125, 0, 0.84375, 0.75, 0, 0.84375, 0.375, 0, 0.84375, 0.8125, 0, 0.84375, 0.4375, 0, 0.84375, 0.875, 0, 0.84375, 0.5, 0, 0.84375, 0.0625, 0, 0.84375, 0.125, 0, 0.84375, 0.9375, 0, 0.84375, 0.5625, 0, 0.84375, 0.1875, 0, 0.8125, 0.875, 0, 0.8125, 0.9375, 0, 0.8125, 0.5, 0, 0.8125, 0.5625, 0, 0.8125, 0.125, 0, 0.8125, 0.1875, 0, 0.8125, 0.625, 0, 0.8125, 0.25, 0, 0.8125, 0.6875, 0, 0.8125, 0.3125, 0, 0.8125, 0.75, 0, 0.8125, 0.375, 0, 0.8125, 0.8125, 0, 0.8125, 0.4375, 0, 0.8125, 0.0625, 0, 0.78125, 0.75, 0, 0.78125, 0.8125, 0, 0.78125, 0.375, 0, 0.78125, 0.4375, 0, 0.78125, 0.875, 0, 0.78125, 0.5, 0, 0.78125, 0.0625, 0, 0.78125, 0.125, 0, 0.78125, 0.9375, 0, 0.78125, 0.5625, 0, 0.78125, 0.1875, 0, 0.78125, 0.625, 0, 0.78125, 0.25, 0, 0.78125, 0.6875, 0, 0.78125, 0.3125, 0, 0.75, 0.625, 0, 0.75, 0.6875, 0, 0.75, 0.25, 0, 0.75, 0.3125, 0, 0.75, 0.75, 0, 0.75, 0.375, 0, 0.75, 0.8125, 0, 0.75, 0.4375, 0, 0.75, 0.875, 0, 0.75, 0.5, 0, 0.75, 0.0625, 0, 0.75, 0.125, 0, 0.75, 0.9375, 0, 0.75, 0.5625, 0, 0.75, 0.1875, 0, 0.71875, 0.875, 0, 0.71875, 0.9375, 0, 0.71875, 0.5, 0, 0.71875, 0.5625, 0, 0.71875, 0.125, 0, 0.71875, 0.1875, 0, 0.71875, 0.625, 0, 0.71875, 0.25, 0, 0.71875, 0.6875, 0, 0.71875, 0.3125, 0, 0.71875, 0.75, 0, 0.71875, 0.375, 0, 0.71875, 0.8125, 0, 0.71875, 0.4375, 0, 0.71875, 0.0625, 0, 0.6875, 0.75, 0, 0.6875, 0.8125, 0, 0.6875, 0.375, 0, 0.6875, 0.4375, 0, 0.6875, 0.875, 0, 0.6875, 0.5, 0, 0.6875, 0.0625, 0, 0.6875, 0.125, 0, 0.6875, 0.9375, 0, 0.6875, 0.5625, 0, 0.6875, 0.1875, 0, 0.6875, 0.625, 0, 0.6875, 0.25, 0, 0.6875, 0.6875, 0, 0.6875, 0.3125, 0, 0.65625, 0.1875, 0, 0.65625, 0.25, 0, 0.65625, 0.625, 0, 0.65625, 0.6875, 0, 0.65625, 0.3125, 0, 0.65625, 0.75, 0, 0.65625, 0.375, 0, 0.65625, 0.8125, 0, 0.65625, 0.4375, 0, 0.65625, 0.875, 0, 0.65625, 0.5, 0, 0.65625, 0.0625, 0, 0.65625, 0.125, 0, 0.65625, 0.9375, 0, 0.65625, 0.5625, 0, 0.625, 0.4375, 0, 0.625, 0.5, 0, 0.625, 0.0625, 0, 0.625, 0.125, 0, 0.625, 0.875, 0, 0.625, 0.9375, 0, 0.625, 0.5625, 0, 0.625, 0.1875, 0, 0.625, 0.625, 0, 0.625, 0.25, 0, 0.625, 0.6875, 0, 0.625, 0.3125, 0, 0.625, 0.75, 0, 0.625, 0.375, 0, 0.625, 0.8125, 0, 0.59375, 0.6875, 0, 0.59375, 0.75, 0, 0.59375, 0.3125, 0, 0.59375, 0.375, 0, 0.59375, 0.8125, 0, 0.59375, 0.4375, 0, 0.59375, 0.875, 0, 0.59375, 0.5, 0, 0.59375, 0.0625, 0, 0.59375, 0.125, 0, 0.59375, 0.9375, 0, 0.59375, 0.5625, 0, 0.59375, 0.1875, 0, 0.59375, 0.625, 0, 0.59375, 0.25, 0, 0.5625, 0.5625, 0, 0.5625, 0.625, 0, 0.5625, 0.1875, 0, 0.5625, 0.25, 0, 0.5625, 0.6875, 0, 0.5625, 0.3125, 0, 0.5625, 0.75, 0, 0.5625, 0.375, 0, 0.5625, 0.8125, 0, 0.5625, 0.4375, 0, 0.5625, 0.875, 0, 0.5625, 0.5, 0, 0.5625, 0.0625, 0, 0.5625, 0.125, 0, 0.5625, 0.9375, 0, 0.53125, 0.8125, 0, 0.53125, 0.875, 0, 0.53125, 0.4375, 0, 0.53125, 0.5, 0, 0.53125, 0.0625, 0, 0.53125, 0.125, 0, 0.53125, 0.9375, 0, 0.53125, 0.5625, 0, 0.53125, 0.1875, 0, 0.53125, 0.625, 0, 0.53125, 0.25, 0, 0.53125, 0.6875, 0, 0.53125, 0.3125, 0, 0.53125, 0.75, 0, 0.53125, 0.375, 0, 0.5, 0.6875, 0, 0.5, 0.75, 0, 0.5, 0.3125, 0, 0.5, 0.375, 0, 0.5, 0.8125, 0, 0.5, 0.4375, 0, 0.5, 0.875, 0, 0.5, 0.5, 0, 0.5, 0.0625, 0, 0.5, 0.125, 0, 0.5, 0.9375, 0, 0.5, 0.5625, 0, 0.5, 0.1875, 0, 0.5, 0.625, 0, 0.5, 0.25, 0, 0.46875, 0.5625, 0, 0.46875, 0.625, 0, 0.46875, 0.1875, 0, 0.46875, 0.25, 0, 0.46875, 0.6875, 0, 0.46875, 0.3125, 0, 0.46875, 0.75, 0, 0.46875, 0.375, 0, 0.46875, 0.8125, 0, 0.46875, 0.4375, 0, 0.46875, 0.875, 0, 0.46875, 0.5, 0, 0.46875, 0.0624999, 0, 0.46875, 0.125, 0, 0.46875, 0.9375, 0, 0.4375, 0.8125, 0, 0.4375, 0.875, 0, 0.4375, 0.4375, 0, 0.4375, 0.5, 0, 0.4375, 0.0624999, 0, 0.4375, 0.125, 0, 0.4375, 0.9375, 0, 0.4375, 0.5625, 0, 0.4375, 0.1875, 0, 0.4375, 0.625, 0, 0.4375, 0.25, 0, 0.4375, 0.6875, 0, 0.4375, 0.3125, 0, 0.4375, 0.75, 0, 0.4375, 0.375, 0, 0.40625, 0.6875, 0, 0.40625, 0.75, 0, 0.40625, 0.3125, 0, 0.40625, 0.375, 0, 0.40625, 0.8125, 0, 0.40625, 0.4375, 0, 0.40625, 0.875, 0, 0.40625, 0.5, 0, 0.40625, 0.0624999, 0, 0.40625, 0.125, 0, 0.40625, 0.9375, 0, 0.40625, 0.5625, 0, 0.40625, 0.1875, 0, 0.40625, 0.625, 0, 0.40625, 0.25, 0, 0.375, 0.125, 0, 0.375, 0.1875, 0, 0.375, 0.5625, 0, 0.375, 0.625, 0, 0.375, 0.25, 0, 0.375, 0.6875, 0, 0.375, 0.3125, 0, 0.375, 0.75, 0, 0.375, 0.375, 0, 0.375, 0.8125, 0, 0.375, 0.4375, 0, 0.375, 0.875, 0, 0.375, 0.5, 0, 0.375, 0.0624999, 0, 0.375, 0.9375, 0, 0.34375, 0.375, 0, 0.34375, 0.4375, 0, 0.34375, 0.8125, 0, 0.34375, 0.875, 0, 0.34375, 0.5, 0, 0.34375, 0.0624999, 0, 0.34375, 0.125, 0, 0.34375, 0.9375, 0, 0.34375, 0.5625, 0, 0.34375, 0.1875, 0, 0.34375, 0.625, 0, 0.34375, 0.25, 0, 0.34375, 0.6875, 0, 0.34375, 0.3125, 0, 0.34375, 0.75, 0, 0.3125, 0.625, 0, 0.3125, 0.6875, 0, 0.3125, 0.25, 0, 0.3125, 0.3125, 0, 0.3125, 0.75, 0, 0.3125, 0.375, 0, 0.3125, 0.8125, 0, 0.3125, 0.4375, 0, 0.3125, 0.875, 0, 0.3125, 0.5, 0, 0.3125, 0.0624999, 0, 0.3125, 0.125, 0, 0.3125, 0.9375, 0, 0.3125, 0.5625, 0, 0.3125, 0.1875, 0, 0.28125, 0.875, 0, 0.28125, 0.9375, 0, 0.28125, 0.5, 0, 0.28125, 0.5625, 0, 0.28125, 0.125, 0, 0.28125, 0.1875, 0, 0.28125, 0.625, 0, 0.28125, 0.25, 0, 0.28125, 0.6875, 0, 0.28125, 0.3125, 0, 0.28125, 0.75, 0, 0.28125, 0.375, 0, 0.28125, 0.8125, 0, 0.28125, 0.4375, 0, 0.28125, 0.0624999, 0, 0.692175, 1, 0, 0.649736, 0, 0, 1.1875, 0.9375, 0, 1.15625, 0.9375, 0, 1.125, 0.0625, 0, 1.125, 0.9375, 0, 1.09375, 0.9375, 0, 1.09375, 0.0625, 0, 1.0625, 0.9375, 0, 1.0625, 0.0625, 0, 1, 1.19209e-07, 0, 1.19209e-07, 0, 0, 0, 1, 0, 1, 1, 0, 1, 1.19209e-07, 0, 1.19209e-07, 0, 0, 0, 1, 0, 1, 1, 0, 1, 1.19209e-07, 0, 1.19209e-07, 0, 0, 0, 1, 0, 1, 1, 0, 1, 1.19209e-07, 0, 1.19209e-07, 0, 0, 0, 1, 0, 1, 1, 0, 1, 1.19209e-07, 0, 1.19209e-07, 0, 0, 0, 1, 0, 1, 1, 0, 1, 1.19209e-07, 0, 1.19209e-07, 0, 0, 0, 1, 0, 1, 1, 0 </vector3_array>
				<nil>  </nil>
				<nil>  </nil>
				<nil>  </nil>
				<int_array  len="2916"> 					0, 2, 1, 0, 3, 2, 4, 6, 5, 4, 7, 6, 8, 10, 9, 8, 11, 10, 12, 3, 0, 12, 13, 3, 14, 7, 4, 14, 15, 7, 16, 11, 8, 16, 17, 11, 18, 15, 14, 18, 19, 15, 20, 17, 16, 20, 21, 17, 22, 19, 18, 22, 23, 19, 24, 21, 20, 24, 25, 21, 26, 23, 22, 26, 27, 23, 28, 25, 24, 28, 29, 25, 1, 27, 26, 1, 2, 27, 5, 29, 28, 5, 6, 29, 19, 30, 15, 19, 31, 30, 21, 32, 17, 21, 33, 32, 23, 31, 19, 23, 34, 31, 25, 33, 21, 25, 35, 33, 27, 34, 23, 27, 36, 34, 29, 35, 25, 29, 37, 35, 2, 36, 27, 2, 38, 36, 6, 37, 29, 6, 39, 37, 3, 38, 2, 3, 40, 38, 7, 39, 6, 7, 41, 39, 11, 42, 10, 11, 43, 42, 13, 40, 3, 13, 44, 40, 15, 41, 7, 15, 30, 41, 17, 43, 11, 17, 32, 43, 40, 45, 38, 40, 46, 45, 41, 47, 39, 41, 48, 47, 43, 49, 42, 43, 50, 49, 44, 46, 40, 44, 51, 46, 30, 48, 41, 30, 52, 48, 32, 50, 43, 32, 53, 50, 31, 52, 30, 31, 54, 52, 33, 53, 32, 33, 55, 53, 34, 54, 31, 34, 56, 54, 35, 55, 33, 35, 57, 55, 36, 56, 34, 36, 58, 56, 37, 57, 35, 37, 59, 57, 38, 58, 36, 38, 45, 58, 39, 59, 37, 39, 47, 59, 58, 60, 56, 58, 61, 60, 59, 62, 57, 59, 63, 62, 45, 61, 58, 45, 64, 61, 47, 63, 59, 47, 65, 63, 46, 64, 45, 46, 66, 64, 48, 65, 47, 48, 67, 65, 50, 68, 49, 50, 69, 68, 51, 66, 46, 51, 70, 66, 52, 67, 48, 52, 71, 67, 53, 69, 50, 53, 72, 69, 54, 71, 52, 54, 73, 71, 55, 72, 53, 55, 74, 72, 56, 73, 54, 56, 60, 73, 57, 74, 55, 57, 62, 74, 73, 75, 71, 73, 76, 75, 74, 77, 72, 74, 78, 77, 60, 76, 73, 60, 79, 76, 62, 78, 74, 62, 80, 78, 61, 79, 60, 61, 81, 79, 63, 80, 62, 63, 82, 80, 64, 81, 61, 64, 83, 81, 65, 82, 63, 65, 84, 82, 66, 83, 64, 66, 85, 83, 67, 84, 65, 67, 86, 84, 69, 87, 68, 69, 88, 87, 70, 85, 66, 70, 89, 85, 71, 86, 67, 71, 75, 86, 72, 88, 69, 72, 77, 88, 85, 90, 83, 85, 91, 90, 86, 92, 84, 86, 93, 92, 88, 94, 87, 88, 95, 94, 89, 91, 85, 89, 96, 91, 75, 93, 86, 75, 97, 93, 77, 95, 88, 77, 98, 95, 76, 97, 75, 76, 99, 97, 78, 98, 77, 78, 100, 98, 79, 99, 76, 79, 101, 99, 80, 100, 78, 80, 102, 100, 81, 101, 79, 81, 103, 101, 82, 102, 80, 82, 104, 102, 83, 103, 81, 83, 90, 103, 84, 104, 82, 84, 92, 104, 103, 105, 101, 103, 106, 105, 104, 107, 102, 104, 108, 107, 90, 106, 103, 90, 109, 106, 92, 108, 104, 92, 110, 108, 91, 109, 90, 91, 111, 109, 93, 110, 92, 93, 112, 110, 95, 113, 94, 95, 114, 113, 96, 111, 91, 96, 115, 111, 97, 112, 93, 97, 116, 112, 98, 114, 95, 98, 117, 114, 99, 116, 97, 99, 118, 116, 100, 117, 98, 100, 119, 117, 101, 118, 99, 101, 105, 118, 102, 119, 100, 102, 107, 119, 120, 122, 121, 120, 123, 122, 124, 126, 125, 124, 127, 126, 128, 123, 120, 128, 129, 123, 130, 127, 124, 130, 131, 127, 132, 129, 128, 132, 133, 129, 134, 131, 130, 134, 135, 131, 136, 133, 132, 136, 137, 133, 138, 135, 134, 138, 139, 135, 140, 137, 136, 140, 141, 137, 142, 139, 138, 142, 143, 139, 144, 146, 145, 144, 147, 146, 148, 141, 140, 148, 149, 141, 121, 143, 142, 121, 122, 143, 125, 147, 144, 125, 126, 147, 141, 150, 137, 141, 151, 150, 143, 152, 139, 143, 153, 152, 147, 154, 146, 147, 155, 154, 149, 151, 141, 149, 156, 151, 122, 153, 143, 122, 157, 153, 126, 155, 147, 126, 158, 155, 123, 157, 122, 123, 159, 157, 127, 158, 126, 127, 160, 158, 129, 159, 123, 129, 161, 159, 131, 160, 127, 131, 162, 160, 133, 161, 129, 133, 163, 161, 135, 162, 131, 135, 164, 162, 137, 163, 133, 137, 150, 163, 139, 164, 135, 139, 152, 164, 162, 165, 160, 162, 166, 165, 163, 167, 161, 163, 168, 167, 164, 166, 162, 164, 169, 166, 150, 168, 163, 150, 170, 168, 152, 169, 164, 152, 171, 169, 151, 170, 150, 151, 172, 170, 153, 171, 152, 153, 173, 171, 155, 174, 154, 155, 175, 174, 156, 172, 151, 156, 176, 172, 157, 173, 153, 157, 177, 173, 158, 175, 155, 158, 178, 175, 159, 177, 157, 159, 179, 177, 160, 178, 158, 160, 165, 178, 161, 179, 159, 161, 167, 179, 177, 180, 173, 177, 181, 180, 178, 182, 175, 178, 183, 182, 179, 181, 177, 179, 184, 181, 165, 183, 178, 165, 185, 183, 167, 184, 179, 167, 186, 184, 166, 185, 165, 166, 187, 185, 168, 186, 167, 168, 188, 186, 169, 187, 166, 169, 189, 187, 170, 188, 168, 170, 190, 188, 171, 189, 169, 171, 191, 189, 172, 190, 170, 172, 192, 190, 173, 191, 171, 173, 180, 191, 175, 193, 174, 175, 182, 193, 176, 192, 172, 176, 194, 192, 190, 195, 188, 190, 196, 195, 191, 197, 189, 191, 198, 197, 192, 196, 190, 192, 199, 196, 180, 198, 191, 180, 200, 198, 182, 201, 193, 182, 202, 201, 194, 199, 192, 194, 203, 199, 181, 200, 180, 181, 204, 200, 183, 202, 182, 183, 205, 202, 184, 204, 181, 184, 206, 204, 185, 205, 183, 185, 207, 205, 186, 206, 184, 186, 208, 206, 187, 207, 185, 187, 209, 207, 188, 208, 186, 188, 195, 208, 189, 209, 187, 189, 197, 209, 208, 210, 206, 208, 211, 210, 209, 212, 207, 209, 213, 212, 195, 211, 208, 195, 214, 211, 197, 213, 209, 197, 215, 213, 196, 214, 195, 196, 216, 214, 198, 215, 197, 198, 217, 215, 199, 216, 196, 199, 218, 216, 200, 217, 198, 200, 219, 217, 202, 220, 201, 202, 221, 220, 203, 218, 199, 203, 222, 218, 204, 219, 200, 204, 223, 219, 205, 221, 202, 205, 224, 221, 206, 223, 204, 206, 210, 223, 207, 224, 205, 207, 212, 224, 222, 225, 218, 222, 226, 225, 223, 227, 219, 223, 228, 227, 224, 229, 221, 224, 230, 229, 210, 228, 223, 210, 231, 228, 212, 230, 224, 212, 232, 230, 211, 231, 210, 211, 233, 231, 213, 232, 212, 213, 234, 232, 214, 233, 211, 214, 235, 233, 215, 234, 213, 215, 236, 234, 216, 235, 214, 216, 237, 235, 217, 236, 215, 217, 238, 236, 218, 237, 216, 218, 225, 237, 219, 238, 217, 219, 227, 238, 221, 239, 220, 221, 229, 239, 237, 240, 235, 237, 241, 240, 238, 242, 236, 238, 243, 242, 225, 241, 237, 225, 244, 241, 227, 243, 238, 227, 245, 243, 229, 246, 239, 229, 247, 246, 226, 244, 225, 226, 248, 244, 228, 245, 227, 228, 249, 245, 230, 247, 229, 230, 250, 247, 231, 249, 228, 231, 251, 249, 232, 250, 230, 232, 252, 250, 233, 251, 231, 233, 253, 251, 234, 252, 232, 234, 254, 252, 235, 253, 233, 235, 240, 253, 236, 254, 234, 236, 242, 254, 253, 255, 251, 253, 256, 255, 254, 257, 252, 254, 258, 257, 240, 256, 253, 240, 259, 256, 242, 258, 254, 242, 260, 258, 241, 259, 240, 241, 261, 259, 243, 260, 242, 243, 262, 260, 244, 261, 241, 244, 263, 261, 245, 262, 243, 245, 264, 262, 247, 265, 246, 247, 266, 265, 248, 263, 244, 248, 267, 263, 249, 264, 245, 249, 268, 264, 250, 266, 247, 250, 269, 266, 251, 268, 249, 251, 255, 268, 252, 269, 250, 252, 257, 269, 267, 270, 263, 267, 271, 270, 268, 272, 264, 268, 273, 272, 269, 274, 266, 269, 275, 274, 255, 273, 268, 255, 276, 273, 257, 275, 269, 257, 277, 275, 256, 276, 255, 256, 278, 276, 258, 277, 257, 258, 279, 277, 259, 278, 256, 259, 280, 278, 260, 279, 258, 260, 281, 279, 261, 280, 259, 261, 282, 280, 262, 281, 260, 262, 283, 281, 263, 282, 261, 263, 270, 282, 264, 283, 262, 264, 272, 283, 266, 284, 265, 266, 274, 284, 282, 285, 280, 282, 286, 285, 283, 287, 281, 283, 288, 287, 270, 286, 282, 270, 289, 286, 272, 288, 283, 272, 290, 288, 274, 291, 284, 274, 292, 291, 271, 289, 270, 271, 293, 289, 273, 290, 272, 273, 294, 290, 275, 292, 274, 275, 295, 292, 276, 294, 273, 276, 296, 294, 277, 295, 275, 277, 297, 295, 278, 296, 276, 278, 298, 296, 279, 297, 277, 279, 299, 297, 280, 298, 278, 280, 285, 298, 281, 299, 279, 281, 287, 299, 297, 300, 295, 297, 301, 300, 298, 302, 296, 298, 303, 302, 299, 301, 297, 299, 304, 301, 285, 303, 298, 285, 305, 303, 287, 304, 299, 287, 306, 304, 286, 305, 285, 286, 307, 305, 288, 306, 287, 288, 308, 306, 289, 307, 286, 289, 309, 307, 290, 308, 288, 290, 310, 308, 292, 311, 291, 292, 312, 311, 293, 309, 289, 293, 313, 309, 294, 310, 290, 294, 314, 310, 295, 312, 292, 295, 300, 312, 296, 314, 294, 296, 302, 314, 310, 315, 308, 310, 316, 315, 312, 317, 311, 312, 318, 317, 313, 319, 309, 313, 320, 319, 314, 316, 310, 314, 321, 316, 300, 318, 312, 300, 322, 318, 302, 321, 314, 302, 323, 321, 301, 322, 300, 301, 324, 322, 303, 323, 302, 303, 325, 323, 304, 324, 301, 304, 326, 324, 305, 325, 303, 305, 327, 325, 306, 326, 304, 306, 328, 326, 307, 327, 305, 307, 329, 327, 308, 328, 306, 308, 315, 328, 309, 329, 307, 309, 319, 329, 327, 330, 325, 327, 331, 330, 328, 332, 326, 328, 333, 332, 329, 331, 327, 329, 334, 331, 315, 333, 328, 315, 335, 333, 319, 334, 329, 319, 336, 334, 316, 335, 315, 316, 337, 335, 318, 338, 317, 318, 339, 338, 320, 336, 319, 320, 340, 336, 321, 337, 316, 321, 341, 337, 322, 339, 318, 322, 342, 339, 323, 341, 321, 323, 343, 341, 324, 342, 322, 324, 344, 342, 325, 343, 323, 325, 330, 343, 326, 344, 324, 326, 332, 344, 343, 345, 341, 343, 346, 345, 344, 347, 342, 344, 348, 347, 330, 346, 343, 330, 349, 346, 332, 348, 344, 332, 350, 348, 331, 349, 330, 331, 351, 349, 333, 350, 332, 333, 352, 350, 334, 351, 331, 334, 353, 351, 335, 352, 333, 335, 354, 352, 336, 353, 334, 336, 355, 353, 337, 354, 335, 337, 356, 354, 339, 357, 338, 339, 358, 357, 340, 355, 336, 340, 359, 355, 341, 356, 337, 341, 345, 356, 342, 358, 339, 342, 347, 358, 355, 360, 353, 355, 361, 360, 356, 362, 354, 356, 363, 362, 358, 364, 357, 358, 365, 364, 359, 361, 355, 359, 366, 361, 345, 363, 356, 345, 367, 363, 347, 365, 358, 347, 368, 365, 346, 367, 345, 346, 369, 367, 348, 368, 347, 348, 370, 368, 349, 369, 346, 349, 371, 369, 350, 370, 348, 350, 372, 370, 351, 371, 349, 351, 373, 371, 352, 372, 350, 352, 374, 372, 353, 373, 351, 353, 360, 373, 354, 374, 352, 354, 362, 374, 373, 375, 371, 373, 376, 375, 374, 377, 372, 374, 378, 377, 360, 376, 373, 360, 379, 376, 362, 378, 374, 362, 380, 378, 361, 379, 360, 361, 381, 379, 363, 380, 362, 363, 382, 380, 365, 383, 364, 365, 384, 383, 366, 381, 361, 366, 385, 381, 367, 382, 363, 367, 386, 382, 368, 384, 365, 368, 387, 384, 369, 386, 367, 369, 388, 386, 370, 387, 368, 370, 389, 387, 371, 388, 369, 371, 375, 388, 372, 389, 370, 372, 377, 389, 388, 390, 386, 388, 391, 390, 389, 392, 387, 389, 393, 392, 375, 391, 388, 375, 394, 391, 377, 393, 389, 377, 395, 393, 376, 394, 375, 376, 396, 394, 378, 395, 377, 378, 397, 395, 379, 396, 376, 379, 398, 396, 380, 397, 378, 380, 399, 397, 381, 398, 379, 381, 400, 398, 382, 399, 380, 382, 401, 399, 384, 402, 383, 384, 403, 402, 385, 400, 381, 385, 404, 400, 386, 401, 382, 386, 390, 401, 387, 403, 384, 387, 392, 403, 400, 405, 398, 400, 406, 405, 401, 407, 399, 401, 408, 407, 403, 409, 402, 403, 410, 409, 404, 406, 400, 404, 411, 406, 390, 408, 401, 390, 412, 408, 392, 410, 403, 392, 413, 410, 391, 412, 390, 391, 414, 412, 393, 413, 392, 393, 415, 413, 394, 414, 391, 394, 416, 414, 395, 415, 393, 395, 417, 415, 396, 416, 394, 396, 418, 416, 397, 417, 395, 397, 419, 417, 398, 418, 396, 398, 405, 418, 399, 419, 397, 399, 407, 419, 418, 420, 416, 418, 421, 420, 419, 422, 417, 419, 423, 422, 405, 421, 418, 405, 424, 421, 407, 423, 419, 407, 425, 423, 406, 424, 405, 406, 426, 424, 408, 425, 407, 408, 427, 425, 410, 428, 409, 410, 429, 428, 411, 426, 406, 411, 430, 426, 412, 427, 408, 412, 431, 427, 413, 429, 410, 413, 432, 429, 414, 431, 412, 414, 433, 431, 415, 432, 413, 415, 434, 432, 416, 433, 414, 416, 420, 433, 417, 434, 415, 417, 422, 434, 432, 435, 429, 432, 436, 435, 433, 437, 431, 433, 438, 437, 434, 436, 432, 434, 439, 436, 420, 438, 433, 420, 440, 438, 422, 439, 434, 422, 441, 439, 421, 440, 420, 421, 442, 440, 423, 441, 422, 423, 443, 441, 424, 442, 421, 424, 444, 442, 425, 443, 423, 425, 445, 443, 426, 444, 424, 426, 446, 444, 427, 445, 425, 427, 447, 445, 429, 448, 428, 429, 435, 448, 430, 446, 426, 430, 449, 446, 431, 447, 427, 431, 437, 447, 445, 450, 443, 445, 451, 450, 446, 452, 444, 446, 453, 452, 447, 451, 445, 447, 454, 451, 435, 455, 448, 435, 456, 455, 449, 453, 446, 449, 457, 453, 437, 454, 447, 437, 458, 454, 436, 456, 435, 436, 459, 456, 438, 458, 437, 438, 460, 458, 439, 459, 436, 439, 461, 459, 440, 460, 438, 440, 462, 460, 441, 461, 439, 441, 463, 461, 442, 462, 440, 442, 464, 462, 443, 463, 441, 443, 450, 463, 444, 464, 442, 444, 452, 464, 462, 465, 460, 462, 466, 465, 463, 467, 461, 463, 468, 467, 464, 466, 462, 464, 469, 466, 450, 468, 463, 450, 470, 468, 452, 469, 464, 452, 471, 469, 451, 470, 450, 451, 472, 470, 453, 471, 452, 453, 473, 471, 454, 472, 451, 454, 474, 472, 456, 475, 455, 456, 476, 475, 457, 473, 453, 457, 477, 473, 458, 474, 454, 458, 478, 474, 459, 476, 456, 459, 479, 476, 460, 478, 458, 460, 465, 478, 461, 479, 459, 461, 467, 479, 477, 480, 473, 477, 481, 480, 478, 482, 474, 478, 483, 482, 479, 484, 476, 479, 485, 484, 465, 483, 478, 465, 486, 483, 467, 485, 479, 467, 487, 485, 466, 486, 465, 466, 488, 486, 468, 487, 467, 468, 489, 487, 469, 488, 466, 469, 490, 488, 470, 489, 468, 470, 491, 489, 471, 490, 469, 471, 492, 490, 472, 491, 470, 472, 493, 491, 473, 492, 471, 473, 480, 492, 474, 493, 472, 474, 482, 493, 476, 494, 475, 476, 484, 494, 495, 13, 12, 9, 10, 496, 10, 42, 496, 495, 497, 13, 495, 498, 497, 42, 49, 496, 49, 499, 496, 495, 500, 498, 495, 501, 500, 499, 502, 496, 495, 503, 501, 502, 504, 496, 504, 145, 496, 495, 148, 503, 495, 149, 148, 145, 146, 496, 146, 154, 496, 495, 156, 149, 154, 174, 496, 495, 176, 156, 495, 194, 176, 174, 193, 496, 193, 201, 496, 495, 203, 194, 201, 220, 496, 495, 222, 203, 495, 226, 222, 220, 239, 496, 239, 246, 496, 495, 248, 226, 246, 265, 496, 495, 267, 248, 495, 271, 267, 265, 284, 496, 284, 291, 496, 495, 293, 271, 291, 311, 496, 495, 313, 293, 495, 320, 313, 311, 317, 496, 317, 338, 496, 495, 340, 320, 495, 359, 340, 338, 357, 496, 495, 366, 359, 357, 364, 496, 364, 383, 496, 495, 385, 366, 495, 404, 385, 383, 402, 496, 495, 411, 404, 402, 409, 496, 409, 428, 496, 495, 430, 411, 495, 449, 430, 428, 448, 496, 448, 455, 496, 495, 457, 449, 455, 475, 496, 495, 477, 457, 495, 481, 477, 475, 494, 496, 492, 26, 490, 492, 1, 26, 493, 28, 491, 493, 5, 28, 496, 494, 9, 480, 1, 492, 480, 0, 1, 482, 5, 493, 482, 4, 5, 9, 484, 8, 9, 494, 484, 481, 0, 480, 481, 12, 0, 483, 4, 482, 483, 14, 4, 485, 8, 484, 485, 16, 8, 495, 12, 481, 486, 14, 483, 486, 18, 14, 487, 16, 485, 487, 20, 16, 488, 18, 486, 488, 22, 18, 489, 20, 487, 489, 24, 20, 490, 22, 488, 490, 26, 22, 491, 24, 489, 491, 28, 24, 505, 507, 506, 505, 508, 507, 509, 511, 510, 509, 512, 511, 513, 515, 514, 513, 516, 515, 517, 519, 518, 517, 520, 519, 521, 523, 522, 521, 524, 523, 525, 527, 526, 525, 528, 527 </int_array>
			</array>
		</dictionary>

	</main_resource>
</resource_file>