<?xml version="1.0" encoding="UTF-8" ?>
<resource_file type="PackedScene" subresource_count="4" version="1.0" version_name="Godot Engine v1.0.3917-beta1">
	<ext_resource path="res://fire_particle.png" type="Texture"></ext_resource>
	<ext_resource path="res://smoke_particle.png" type="Texture"></ext_resource>
	<ext_resource path="res://spark_particle2.png" type="Texture"></ext_resource>
	<main_resource>
		<dictionary name="_bundled" shared="false">
			<string> "names" </string>
			<string_array  len="68">
				<string> "Node" </string>
				<string> "_import_path" </string>
				<string> "__meta__" </string>
				<string> "Fire" </string>
				<string> "Particles2D" </string>
				<string> "visibility/visible" </string>
				<string> "visibility/opacity" </string>
				<string> "visibility/self_opacity" </string>
				<string> "visibility/behind_parent" </string>
				<string> "visibility/blend_mode" </string>
				<string> "transform/pos" </string>
				<string> "transform/rot" </string>
				<string> "transform/scale" </string>
				<string> "config/amount" </string>
				<string> "config/lifetime" </string>
				<string> "config/time_scale" </string>
				<string> "config/preprocess" </string>
				<string> "config/emit_timeout" </string>
				<string> "config/emitting" </string>
				<string> "config/offset" </string>
				<string> "config/half_extents" </string>
				<string> "config/local_space" </string>
				<string> "config/explosiveness" </string>
				<string> "config/flip_h" </string>
				<string> "config/flip_v" </string>
				<string> "config/texture" </string>
				<string> "params/direction" </string>
				<string> "params/spread" </string>
				<string> "params/linear_velocity" </string>
				<string> "params/spin_velocity" </string>
				<string> "params/orbit_velocity" </string>
				<string> "params/gravity_direction" </string>
				<string> "params/gravity_strength" </string>
				<string> "params/radial_accel" </string>
				<string> "params/tangential_accel" </string>
				<string> "params/damping" </string>
				<string> "params/initial_angle" </string>
				<string> "params/initial_size" </string>
				<string> "params/final_size" </string>
				<string> "params/hue_variation" </string>
				<string> "randomness/direction" </string>
				<string> "randomness/spread" </string>
				<string> "randomness/linear_velocity" </string>
				<string> "randomness/spin_velocity" </string>
				<string> "randomness/orbit_velocity" </string>
				<string> "randomness/gravity_direction" </string>
				<string> "randomness/gravity_strength" </string>
				<string> "randomness/radial_accel" </string>
				<string> "randomness/tangential_accel" </string>
				<string> "randomness/damping" </string>
				<string> "randomness/initial_angle" </string>
				<string> "randomness/initial_size" </string>
				<string> "randomness/final_size" </string>
				<string> "randomness/hue_variation" </string>
				<string> "color_phases/count" </string>
				<string> "phase_0/pos" </string>
				<string> "phase_0/color" </string>
				<string> "phase_1/pos" </string>
				<string> "phase_1/color" </string>
				<string> "phase_2/pos" </string>
				<string> "phase_2/color" </string>
				<string> "phase_3/pos" </string>
				<string> "phase_3/color" </string>
				<string> "emission_points" </string>
				<string> "Smoke" </string>
				<string> "Magic" </string>
				<string> "Explosion" </string>
				<string> "Mask" </string>
			</string_array>
			<string> "version" </string>
			<int> 1 </int>
			<string> "conn_count" </string>
			<int> 0 </int>
			<string> "node_count" </string>
			<int> 6 </int>
			<string> "variants" </string>
			<array  len="65" shared="false">
				<node_path> "" </node_path>
				<dictionary  shared="false">
					<string> "__editor_plugin_states__" </string>
					<dictionary  shared="false">
						<string> "2D" </string>
						<dictionary  shared="false">
							<string> "pixel_snap" </string>
							<bool> False </bool>
							<string> "zoom" </string>
							<real> 0.440127 </real>
							<string> "use_snap" </string>
							<bool> False </bool>
							<string> "ofs" </string>
							<vector2> -193.367, -173.288 </vector2>
							<string> "snap" </string>
							<int> 10 </int>
						</dictionary>
						<string> "3D" </string>
						<dictionary  shared="false">
							<string> "zfar" </string>
							<real> 500 </real>
							<string> "fov" </string>
							<real> 45 </real>
							<string> "viewports" </string>
							<array  len="4" shared="false">
								<dictionary  shared="false">
									<string> "distance" </string>
									<real> 4 </real>
									<string> "x_rot" </string>
									<real> 0 </real>
									<string> "y_rot" </string>
									<real> 0 </real>
									<string> "use_orthogonal" </string>
									<bool> False </bool>
									<string> "use_environment" </string>
									<bool> False </bool>
									<string> "pos" </string>
									<vector3> 0, 0, 0 </vector3>
								</dictionary>
								<dictionary  shared="false">
									<string> "distance" </string>
									<real> 4 </real>
									<string> "x_rot" </string>
									<real> 0 </real>
									<string> "y_rot" </string>
									<real> 0 </real>
									<string> "use_orthogonal" </string>
									<bool> False </bool>
									<string> "use_environment" </string>
									<bool> False </bool>
									<string> "pos" </string>
									<vector3> 0, 0, 0 </vector3>
								</dictionary>
								<dictionary  shared="false">
									<string> "distance" </string>
									<real> 4 </real>
									<string> "x_rot" </string>
									<real> 0 </real>
									<string> "y_rot" </string>
									<real> 0 </real>
									<string> "use_orthogonal" </string>
									<bool> False </bool>
									<string> "use_environment" </string>
									<bool> False </bool>
									<string> "pos" </string>
									<vector3> 0, 0, 0 </vector3>
								</dictionary>
								<dictionary  shared="false">
									<string> "distance" </string>
									<real> 4 </real>
									<string> "x_rot" </string>
									<real> 0 </real>
									<string> "y_rot" </string>
									<real> 0 </real>
									<string> "use_orthogonal" </string>
									<bool> False </bool>
									<string> "use_environment" </string>
									<bool> False </bool>
									<string> "pos" </string>
									<vector3> 0, 0, 0 </vector3>
								</dictionary>
							</array>
							<string> "viewport_mode" </string>
							<int> 1 </int>
							<string> "default_light" </string>
							<bool> True </bool>
							<string> "show_grid" </string>
							<bool> True </bool>
							<string> "show_origin" </string>
							<bool> True </bool>
							<string> "znear" </string>
							<real> 0.1 </real>
						</dictionary>
					</dictionary>
					<string> "__editor_run_settings__" </string>
					<dictionary  shared="false">
						<string> "custom_args" </string>
						<string> "-l $scene" </string>
						<string> "run_mode" </string>
						<int> 0 </int>
					</dictionary>
					<string> "__editor_plugin_screen__" </string>
					<string> "2D" </string>
				</dictionary>
				<bool> True </bool>
				<real> 1 </real>
				<bool> False </bool>
				<int> 1 </int>
				<vector2> 165.787, 527.801 </vector2>
				<real> -179.790649 </real>
				<vector2> 1, 1 </vector2>
				<int> 32 </int>
				<real> 0 </real>
				<vector2> 0, 0 </vector2>
				<vector2> 15, 15 </vector2>
				<resource  resource_type="Texture" path="res://fire_particle.png">  </resource>
				<real> 20 </real>
				<real> 180 </real>
				<real> 80 </real>
				<real> 0.7 </real>
				<real> 0.3 </real>
				<real> 2 </real>
				<int> 3 </int>
				<color> 1, 1, 1, 0 </color>
				<real> 0.1 </real>
				<color> 0.886275, 0.371681, 0, 1 </color>
				<color> 1, 0.99115, 1, 0 </color>
				<color> 0, 0, 0, 1 </color>
				<vector2_array  len="0"> 					 </vector2_array>
				<vector2> 377.396, 543.147 </vector2>
				<real> 176.575912 </real>
				<real> 4 </real>
				<resource  resource_type="Texture" path="res://smoke_particle.png">  </resource>
				<real> 20.907272 </real>
				<real> 47.151516 </real>
				<real> 3 </real>
				<real> 0.2 </real>
				<color> 1, 1, 1, 1 </color>
				<color> 0, 0, 0, 0 </color>
				<vector2> 593.848, 531.064 </vector2>
				<vector2> 40, 40 </vector2>
				<resource  resource_type="Texture" path="res://spark_particle2.png">  </resource>
				<real> 0.01 </real>
				<real> 9.8 </real>
				<real> 15.515152 </real>
				<real> 45 </real>
				<real> 100 </real>
				<int> 4 </int>
				<color> 1, 1, 1, 0.870518 </color>
				<color> 1, 0.47451, 0.6, 1 </color>
				<real> 0.5 </real>
				<color> 0.529412, 0.74902, 1, 1 </color>
				<color> 0, 1, 0.698039, 0 </color>
				<vector2> 613.467, 182.62 </vector2>
				<real> 0.05 </real>
				<real> 184.546997 </real>
				<real> 366.300415 </real>
				<color> 0.886275, 0.401015, 0, 1 </color>
				<color> 1, 0.679866, 0.432123, 0.12654 </color>
				<vector2> 192.975, 141.598 </vector2>
				<int> 170 </int>
				<vector2> 128, 128 </vector2>
				<int> 0 </int>
				<color> 1, 0.477876, 0.60177, 1 </color>
				<color> 0.533333, 0.752212, 1, 1 </color>
				<color> 0, 1, 0.699115, 0 </color>
				<vector2_array  len="512"> 					-0.125, -0.03125, 0.65625, -0.148438, 0.609375, 0.0234375, -0.757812, 0.375, 0.265625, 0.078125, 0.632812, 0.382812, 0.671875, 0.414062, 0.367188, -0.226562, 0.75, -0.125, 0.4375, 0.421875, 0.335938, -0.148438, -0.125, 0.257812, -0.171875, 0.359375, -0.601562, -0.265625, 0.375, 0.382812, -0.296875, 0.09375, -0.664062, -0.21875, -0.554688, -0.226562, -0.320312, 0.367188, -0.320312, -0.257812, 0, -0.257812, 0.578125, -0.25, -0.164062, 0.109375, -0.578125, -0.015625, -0.445312, 0, 0.273438, 0.101562, 0.320312, 0.03125, -0.125, 0.0703125, -0.570312, 0.289062, 0.257812, -0.09375, -0.585938, 0.179688, -0.664062, 0.0234375, -0.25, -0.0859375, 0.6875, -0.109375, 0.234375, 0, -0.5, -0.265625, 0.710938, 0.335938, 0.609375, -0.046875, 0.664062, -0.210938, -0.242188, -0.21875, -0.484375, -0.257812, -0.453125, 0.414062, 0.609375, -0.203125, 0.289062, 0.132812, -0.03125, -0.257812, -0.492188, -0.1875, 0.5625, -0.140625, -0.5625, 0.148438, -0.257812, -0.234375, -0.140625, 0.15625, -0.5625, 0.109375, 0.132812, 0.398438, -0.640625, -0.25, -0.585938, 0.304688, -0.328125, -0.257812, 0.226562, 0.148438, -0.546875, 0.210938, 0.625, 0.179688, 0.648438, -0.0078125, 0.367188, 0.328125, 0.265625, 0.0546875, -0.59375, -0.273438, -0.203125, 0.21875, 0.570312, -0.21875, -0.695312, 0.078125, -0.375, 0.03125, -0.164062, 0.0390625, 0.265625, 0.226562, -0.625, -0.109375, 0.203125, -0.132812, -0.671875, 0.328125, 0.625, -0.179688, -0.640625, 0.0859375, 0.65625, 0, -0.242188, 0.414062, 0.242188, 0.25, -0.148438, -0.0625, 0.390625, -0.25, 0.664062, 0.351562, 0.320312, 0.203125, -0.546875, 0.335938, 0.328125, -0.148438, 0.609375, -0.0625, -0.171875, 0.046875, -0.578125, 0.0546875, -0.304688, -0.28125, 0.734375, -0.0546875, 0.679688, 0.390625, -0.460938, 0.0859375, -0.703125, 0.101562, -0.140625, 0.234375, -0.507812, 0.078125, -0.25, 0.304688, -0.046875, 0.359375, 0.1875, 0.0703125, -0.570312, 0.242188, 0.65625, 0.0859375, -0.203125, -0.265625, -0.164062, -0.179688, 0.367188, -0.1875, -0.601562, -0.101562, -0.117188, -0.210938, -0.546875, 0.109375, -0.585938, -0.28125, -0.59375, -0.03125, 0.3125, -0.179688, 0.414062, 0.429688, -0.476562, -0.195312, -0.0703125, -0.21875, -0.5625, 0.304688, -0.609375, 0.226562, 0.429688, 0.429688, 0.203125, 0.242188, 0.078125, 0.367188, 0.242188, 0.03125, 0.601562, -0.0390625, 0.328125, 0.03125, -0.53125, -0.195312, -0.53125, -0.210938, 0.3125, -0.257812, 0.445312, -0.273438, 0.273438, -0.273438, -0.695312, -0.179688, 0.234375, -0.15625, -0.546875, -0.242188, -0.234375, -0.125, 0.734375, -0.226562, 0.367188, -0.234375, -0.15625, 0.046875, -0.445312, -0.226562, 0.625, 0.03125, -0.0859375, 0.210938, -0.648438, 0.296875, 0.335938, -0.109375, 0.625, -0.078125, 0.601562, 0.351562, 0.242188, 0.140625, 0.0234375, -0.273438, -0.679688, -0.109375, 0.640625, 0.15625, 0.171875, 0.0859375, -0.273438, -0.273438, -0.242188, 0.34375, 0.179688, 0.15625, -0.179688, -0.117188, 0.671875, 0.03125, -0.640625, 0.304688, 0.109375, -0.242188, -0.210938, 0.382812, -0.0859375, 0.0078125, -0.695312, 0.078125, 0.296875, 0.320312, 0.304688, -0.226562, 0.257812, -0.0234375, -0.203125, -0.015625, -0.648438, 0.335938, -0.703125, -0.132812, -0.273438, -0.210938, -0.15625, -0.273438, -0.0390625, 0.335938, 0.617188, 0.179688, 0.34375, 0.390625, -0.210938, -0.132812, -0.226562, -0.117188, 0.617188, -0.289062, 0.125, -0.21875, 0.71875, -0.164062, -0.570312, 0.1875, -0.1875, 0.382812, 0.640625, -0.296875, -0.125, 0.109375, 0.671875, 0.289062, -0.515625, 0.382812, 0.359375, -0.179688, 0.726562, -0.226562, 0.25, 0.320312, -0.328125, 0, -0.117188, -0.234375, -0.210938, -0.148438, -0.546875, -0.117188, 0.359375, 0.429688, -0.15625, -0.226562, 0.632812, -0.257812, -0.28125, -0.273438, 0.265625, 0.015625, -0.765625, 0.351562, 0.703125, 0.421875, -0.585938, 0.0078125, 0.28125, 0.109375, 0.304688, 0.171875, 0.65625, 0.421875, 0.078125, 0.382812, 0.179688, 0.25, -0.382812, 0.0703125, 0.585938, -0.140625, -0.109375, 0.382812, -0.59375, -0.09375, 0.4375, 0.398438, -0.132812, 0.0234375, -0.625, 0.0078125, -0.210938, -0.21875, -0.25, 0.257812, 0.257812, 0.398438, 0.625, 0.195312, 0.148438, -0.234375, -0.476562, 0.398438, -0.210938, 0.046875, 0.695312, -0.101562, 0.695312, 0.140625, -0.492188, -0.1875, 0.25, -0.09375, -0.195312, -0.195312, -0.328125, 0.0703125, -0.242188, -0.0625, 0.296875, 0.34375, -0.632812, 0.0078125, -0.265625, 0.09375, 0.421875, -0.203125, 0.171875, 0.03125, -0.09375, -0.0703125, 0.289062, 0.0859375, -0.609375, 0.390625, -0.554688, 0.257812, -0.6875, 0.0078125, 0.304688, 0.414062, 0.226562, 0.390625, -0.21875, -0.28125, 0.265625, 0.320312, -0.671875, 0.234375, -0.210938, 0.03125, 0.679688, -0.0234375, 0.359375, -0.203125, 0.3125, 0.289062, 0.671875, 0.140625, -0.78125, 0.414062, -0.546875, 0.40625, 0.625, 0.367188, 0.0859375, 0.421875, 0.1875, -0.09375, 0.617188, 0.40625, -0.078125, -0.0390625, 0.695312, 0.0859375, -0.6875, -0.265625, 0.421875, -0.265625, 0.601562, -0.0234375, -0.3125, -0.265625, -0.078125, 0.046875, 0.617188, 0.164062, 0.273438, -0.03125, -0.695312, -0.015625, -0.5625, 0.164062, -0.578125, 0.265625, -0.726562, 0.421875, -0.078125, -0.25, -0.171875, 0.171875, -0.234375, -0.0390625, 0.257812, 0.429688, -0.179688, -0.117188, 0.351562, -0.03125, -0.78125, -0.234375, -0.546875, -0.171875, -0.460938, -0.234375, -0.164062, 0.09375, -0.65625, 0.398438, -0.445312, 0.0859375, -0.71875, -0.226562, 0.671875, 0.101562, -0.46875, -0.195312, -0.71875, -0.265625, 0.617188, 0.125, -0.78125, -0.21875, -0.226562, -0.15625, 0.21875, 0.0234375, 0.289062, 0.101562, 0.648438, -0.171875, 0.390625, -0.273438, -0.257812, 0.078125, -0.21875, 0, 0.65625, -0.203125, -0.679688, 0.171875, -0.1875, 0.328125, -0.46875, -0.28125, 0.273438, 0, 0.664062, 0.296875, -0.140625, 0.335938, -0.625, 0.382812, -0.34375, -0.21875, -0.171875, -0.25, -0.546875, -0.117188, -0.117188, -0.203125, -0.1875, 0.351562, -0.585938, -0.109375, -0.203125, -0.0625, -0.570312, 0.03125, -0.5625, -0.109375, 0.601562, -0.195312, 0.3125, 0.140625, -0.101562, 0.25, 0.25, 0.3125, 0.125, -0.203125, -0.09375, -0.140625, -0.242188, 0.414062, 0.664062, -0.0625, -0.21875, -0.078125, 0.6875, -0.210938, -0.140625, 0.015625, -0.632812, -0.25, -0.109375, 0.234375, -0.695312, 0.015625, -0.3125, -0.28125, 0.296875, -0.0234375, 0.296875, 0.203125, -0.125, 0.234375, 0.570312, 0.390625, -0.554688, 0.203125, -0.5625, 0.351562, -0.15625, 0.21875, -0.375, 0.0390625, -0.226562, -0.140625, 0.695312, 0.164062, 0.632812, 0.367188, -0.328125, -0.210938, -0.59375, 0.34375, 0.304688, -0.242188, -0.34375, 0.0703125, -0.679688, -0.179688, 0.664062, 0.101562, 0.34375, 0.171875, -0.695312, -0.078125, -0.242188, -0.0546875, 0.304688, -0.234375, -0.0078125, -0.21875, -0.632812, 0.203125, 0.625, 0.03125, -0.414062, 0.015625, 0.273438, -0.078125, 0.695312, 0.28125, 0.34375, 0.101562, -0.164062, 0.289062, -0.1875, 0.273438, -0.203125, 0.0703125, 0.734375, -0.171875, -0.59375, 0.34375, -0.15625, 0.210938, 0.429688, 0.375, -0.234375, 0.34375, 0.617188, 0.101562, 0.703125, 0, -0.578125, 0.148438, 0.21875, -0.171875, -0.304688, 0.375, -0.65625, -0.09375, -0.101562, 0.25, -0.4375, 0.03125, -0.242188, 0.421875, -0.546875, 0.0625, -0.632812, -0.148438, -0.125, 0.179688, 0.179688, 0.304688, -0.265625, 0.078125, -0.289062, 0.421875, -0.585938, 0.1875, -0.289062, 0.34375, 0.273438, 0.367188, -0.109375, 0.117188, 0.34375, 0.046875, -0.0625, 0.320312, 0.6875, -0.234375, -0.523438, 0.320312, -0.09375, -0.242188, -0.65625, 0.25, -0.609375, -0.117188, -0.140625, 0.140625, 0.28125, -0.09375, -0.625, -0.28125, 0.34375, 0.328125, 0.265625, 0.109375, -0.609375, 0.0078125, -0.078125, -0.234375, -0.289062, -0.203125, 0.289062, 0.289062, -0.0859375, 0.0078125, -0.101562, -0.28125, -0.625, -0.101562, -0.546875, 0.382812, -0.539062, -0.195312, -0.210938, 0.046875, -0.492188, 0.390625, -0.664062, -0.0703125, 0.71875, -0.101562, -0.140625, -0.046875, 0.695312, 0.289062, -0.710938, 0.429688, -0.703125, 0.3125, -0.203125, 0.109375, 0.421875, -0.273438, 0.304688, 0.21875, 0.328125, 0.257812, -0.632812, -0.0703125, 0.320312, -0.140625, 0.265625, -0.203125, -0.109375, -0.179688, 0.25, -0.210938, 0.65625, 0.109375, -0.648438, -0.0625, -0.0859375, 0.375, -0.429688, 0.398438, 0.320312, 0.3125, -0.0703125, 0.265625, 0.648438, 0.0078125, 0.320312, 0.335938, 0.398438, 0.421875, -0.101562, -0.0625, -0.296875, 0.40625, 0.695312, -0.0390625, 0.335938, 0.21875, -0.546875, 0.117188, -0.476562, 0.390625, -0.648438, 0.117188, -0.078125, -0.28125, 0.328125, 0.289062, -0.226562, 0.179688, 0.226562, 0.375, -0.429688, 0.382812, -0.0546875, 0.34375, 0.59375, -0.125, 0.632812, 0.265625, 0.226562, 0.3125, -0.523438, -0.140625, -0.546875, 0.046875, 0.242188, -0.148438, -0.648438, 0.0234375, -0.289062, 0, -0.546875, 0.101562, -0.125, -0.0625, -0.492188, 0.367188, 0.328125, 0.15625, -0.351562, 0.0546875, -0.609375, 0.414062, -0.296875, 0.09375, 0.671875, -0.203125, -0.257812, -0.273438, -0.335938, 0.414062, 0.65625, -0.195312, -0.601562, -0.101562, -0.203125, -0.078125, 0.210938, 0.242188, 0.296875, 0.335938, -0.578125, 0.40625, -0.664062, -0.078125, -0.0859375, 0.390625, 0.171875, 0.304688, -0.6875, 0.390625, -0.554688, 0.0078125, -0.570312, -0.179688, -0.210938, -0.09375, 0.726562, -0.03125, -0.546875, -0.0859375, -0.265625, -0.171875, -0.65625, 0.179688, -0.171875, 0.257812, -0.164062, -0.171875, 0.203125, 0.335938, -0.640625, 0.21875, 0.390625, 0.375, 0.6875, -0.234375, 0.742188, 0.34375, -0.0546875, 0.351562, -0.632812, 0.195312, 0.671875, -0.21875, 0.195312, 0.015625, 0.226562, 0.117188, -0.507812, 0.078125, -0.140625, -0.15625, 0.703125, -0.28125, 0.226562, -0.140625, 0.328125, 0.421875, 0.3125, 0.1875, 0.703125, 0.078125, 0.351562, 0.289062, 0.21875, -0.242188, -0.328125, 0, 0.171875, 0.101562, -0.304688, -0.242188, -0.210938, 0.078125, 0.625, -0.0078125, 0.25, 0.242188, -0.664062, 0.117188, 0.203125, -0.140625, 0.226562, 0.429688, 0.328125, -0.203125, -0.679688, 0.0703125, -0.195312, -0.148438, -0.523438, 0.328125, 0.382812, -0.257812, 0.578125, -0.171875, 0.65625, 0.320312, -0.632812, -0.148438, 0.703125, 0.0703125, -0.53125, 0.398438, -0.414062, 0.03125, -0.0859375, 0.0546875, -0.53125, 0.335938, 0.304688, 0.429688, -0.234375, -0.148438, -0.375, 0.046875, -0.148438, 0.289062, -0.0390625, 0.421875, 0.226562, -0.125, -0.570312, 0.398438, -0.0703125, -0.0234375, 0.257812, -0.132812 </vector2_array>
			</array>
			<string> "nodes" </string>
			<int_array  len="640"> 				-1, -1, 0, 0, -1, 2, 1, 0, 2, 1, 0, 0, 0, 4, 3, -1, 60, 1, 0, 5, 2, 6, 3, 7, 3, 8, 4, 9, 5, 10, 6, 11, 7, 12, 8, 13, 9, 14, 3, 15, 3, 16, 10, 17, 10, 18, 2, 19, 11, 20, 12, 21, 4, 22, 3, 23, 4, 24, 4, 25, 13, 26, 10, 27, 10, 28, 14, 29, 10, 30, 10, 31, 15, 32, 16, 33, 10, 34, 10, 35, 10, 36, 15, 37, 17, 38, 18, 39, 10, 40, 10, 41, 10, 42, 10, 43, 10, 44, 10, 45, 10, 46, 10, 47, 10, 48, 10, 49, 10, 50, 19, 51, 10, 52, 10, 53, 10, 54, 20, 55, 10, 56, 21, 57, 22, 58, 23, 59, 3, 60, 24, 61, 3, 62, 25, 63, 26, 0, 0, 0, 4, 64, -1, 59, 1, 0, 5, 2, 6, 3, 7, 3, 8, 4, 10, 27, 11, 28, 12, 8, 13, 9, 14, 29, 15, 3, 16, 10, 17, 10, 18, 2, 19, 11, 20, 11, 21, 4, 22, 3, 23, 4, 24, 4, 25, 30, 26, 10, 27, 31, 28, 32, 29, 3, 30, 10, 31, 10, 32, 10, 33, 10, 34, 10, 35, 10, 36, 15, 37, 3, 38, 33, 39, 10, 40, 10, 41, 10, 42, 10, 43, 3, 44, 10, 45, 10, 46, 10, 47, 10, 48, 10, 49, 10, 50, 3, 51, 10, 52, 10, 53, 10, 54, 20, 55, 10, 56, 21, 57, 34, 58, 35, 59, 3, 60, 36, 61, 3, 62, 25, 63, 26, 0, 0, 0, 4, 65, -1, 59, 1, 0, 5, 2, 6, 3, 7, 3, 8, 4, 10, 37, 11, 10, 12, 8, 13, 9, 14, 19, 15, 3, 16, 10, 17, 10, 18, 2, 19, 11, 20, 38, 21, 4, 22, 3, 23, 4, 24, 4, 25, 39, 26, 10, 27, 15, 28, 14, 29, 18, 30, 40, 31, 10, 32, 41, 33, 10, 34, 42, 35, 10, 36, 43, 37, 33, 38, 3, 39, 10, 40, 10, 41, 10, 42, 10, 43, 3, 44, 44, 45, 10, 46, 10, 47, 10, 48, 10, 49, 10, 50, 3, 51, 10, 52, 10, 53, 10, 54, 45, 55, 10, 56, 46, 57, 22, 58, 47, 59, 48, 60, 49, 61, 3, 62, 50, 63, 26, 0, 0, 0, 4, 66, -1, 60, 1, 0, 5, 2, 6, 3, 7, 3, 8, 2, 9, 5, 10, 51, 11, 7, 12, 8, 13, 9, 14, 19, 15, 19, 16, 10, 17, 10, 18, 2, 19, 11, 20, 12, 21, 4, 22, 52, 23, 4, 24, 4, 25, 30, 26, 10, 27, 15, 28, 53, 29, 10, 30, 10, 31, 15, 32, 16, 33, 10, 34, 10, 35, 54, 36, 3, 37, 17, 38, 33, 39, 10, 40, 10, 41, 10, 42, 10, 43, 10, 44, 10, 45, 10, 46, 10, 47, 10, 48, 10, 49, 10, 50, 10, 51, 10, 52, 10, 53, 10, 54, 45, 55, 10, 56, 21, 57, 22, 58, 55, 59, 17, 60, 56, 61, 3, 62, 36, 63, 26, 0, 0, 0, 4, 67, -1, 59, 1, 0, 5, 2, 6, 3, 7, 3, 8, 4, 10, 57, 11, 10, 12, 8, 13, 58, 14, 22, 15, 3, 16, 10, 17, 10, 18, 2, 19, 11, 20, 59, 21, 4, 22, 3, 23, 4, 24, 4, 25, 39, 26, 10, 27, 15, 28, 10, 29, 19, 30, 10, 31, 10, 32, 10, 33, 10, 34, 10, 35, 10, 36, 3, 37, 3, 38, 3, 39, 10, 40, 10, 41, 10, 42, 10, 43, 3, 44, 10, 45, 10, 46, 10, 47, 10, 48, 10, 49, 10, 50, 10, 51, 10, 52, 10, 53, 10, 54, 60, 55, 10, 56, 61, 57, 48, 58, 62, 59, 3, 60, 63, 61, 3, 62, 25, 63, 64, 0 </int_array>
			<string> "conns" </string>
			<int_array  len="0"> 				 </int_array>
		</dictionary>

	</main_resource>
</resource_file>