<?xml version="1.0" encoding="UTF-8" ?>
<resource_file type="PackedScene" subresource_count="7" version="1.0" version_name="Godot Engine v1.0.stable.custom_build">
	<ext_resource path="res://sb.cube" type="CubeMap"></ext_resource>
	<ext_resource path="res://tiles.res" type="MeshLibrary"></ext_resource>
	<ext_resource path="res://enemy.scn" type="PackedScene"></ext_resource>
	<ext_resource path="res://player.xml" type="PackedScene"></ext_resource>
	<ext_resource path="res://coin.scn" type="PackedScene"></ext_resource>
	<resource type="Environment" path="local://1">
		<bool name="ambient_light/enabled"> True </bool>
		<color name="ambient_light/color"> 0, 0.409429, 0.596681, 1 </color>
		<real name="ambient_light/energy"> 1 </real>
		<bool name="fxaa/enabled"> False </bool>
		<int name="background/mode"> 4 </int>
		<color name="background/color"> 0, 0, 0, 1 </color>
		<nil name="background/texture">  </nil>
		<resource name="background/cubemap" resource_type="CubeMap" path="res://sb.cube">  </resource>
		<real name="background/energy"> 1 </real>
		<real name="background/scale"> 1 </real>
		<real name="background/glow"> 0.6 </real>
		<bool name="glow/enabled"> True </bool>
		<int name="glow/blur_passes"> 2 </int>
		<real name="glow/blur_scale"> 1.3 </real>
		<real name="glow/blur_strength"> 1.2 </real>
		<int name="glow/blur_blend_mode"> 1 </int>
		<real name="glow/bloom"> 0 </real>
		<real name="glow/bloom_treshold"> 0.5 </real>
		<bool name="dof_blur/enabled"> False </bool>
		<int name="dof_blur/blur_passes"> 1 </int>
		<real name="dof_blur/begin"> 100 </real>
		<real name="dof_blur/range"> 10 </real>
		<bool name="hdr/enabled"> True </bool>
		<int name="hdr/tonemapper"> 0 </int>
		<real name="hdr/exposure"> 0.4 </real>
		<real name="hdr/white"> 1 </real>
		<real name="hdr/glow_treshold"> 0.9 </real>
		<real name="hdr/glow_scale"> 0.5 </real>
		<real name="hdr/min_luminance"> 0.4 </real>
		<real name="hdr/max_luminance"> 8 </real>
		<real name="hdr/exposure_adj_speed"> 2 </real>
		<bool name="fog/enabled"> True </bool>
		<real name="fog/begin"> 10 </real>
		<color name="fog/begin_color"> 0, 0.773632, 0.985852, 1 </color>
		<color name="fog/end_color"> 0, 0, 0, 1 </color>
		<real name="fog/attenuation"> 0.965936 </real>
		<bool name="fog/bg"> True </bool>
		<bool name="bcs/enabled"> False </bool>
		<real name="bcs/brightness"> 1 </real>
		<real name="bcs/contrast"> 1 </real>
		<real name="bcs/saturation"> 1.608 </real>
		<bool name="srgb/enabled"> False </bool>

	</resource>
	<main_resource>
		<dictionary name="_bundled" shared="false">
			<string> "names" </string>
			<string_array  len="94">
				<string> "world" </string>
				<string> "Spatial" </string>
				<string> "_import_path" </string>
				<string> "_import_transform" </string>
				<string> "visibility/visible" </string>
				<string> "__meta__" </string>
				<string> "GridMap" </string>
				<string> "theme/theme" </string>
				<string> "theme/bake" </string>
				<string> "lighting/bake" </string>
				<string> "cell/size" </string>
				<string> "cell/octant_size" </string>
				<string> "cell/center_x" </string>
				<string> "cell/center_y" </string>
				<string> "cell/center_z" </string>
				<string> "cell/scale" </string>
				<string> "data" </string>
				<string> "DirectionalLight" </string>
				<string> "transform/local" </string>
				<string> "layers" </string>
				<string> "params/enabled" </string>
				<string> "params/editor_only" </string>
				<string> "params/bake_mode" </string>
				<string> "params/energy" </string>
				<string> "colors/diffuse" </string>
				<string> "colors/specular" </string>
				<string> "shadow/shadow" </string>
				<string> "shadow/darkening" </string>
				<string> "shadow/z_offset" </string>
				<string> "shadow/z_slope_scale" </string>
				<string> "shadow/esm_multiplier" </string>
				<string> "shadow/blur_passes" </string>
				<string> "projector" </string>
				<string> "operator" </string>
				<string> "shadow/mode" </string>
				<string> "shadow/max_distance" </string>
				<string> "shadow/split_weight" </string>
				<string> "shadow/zoffset_scale" </string>
				<string> "environment" </string>
				<string> "WorldEnvironment" </string>
				<string> "coins" </string>
				<string> "Node" </string>
				<string> "coin" </string>
				<string> "Area" </string>
				<string> "coin 2" </string>
				<string> "coin 3" </string>
				<string> "coin 3 2" </string>
				<string> "coin 4" </string>
				<string> "coin 4 2" </string>
				<string> "coin 4 3" </string>
				<string> "coin 3 3" </string>
				<string> "coin 5" </string>
				<string> "coin 4 4" </string>
				<string> "coin 3 4" </string>
				<string> "coin 4 4 2" </string>
				<string> "coin 6" </string>
				<string> "coin 4 5" </string>
				<string> "coin 3 5" </string>
				<string> "coin 4 5 2" </string>
				<string> "coin 4 4 3" </string>
				<string> "coin 3 5 2" </string>
				<string> "coin 6 2" </string>
				<string> "coin 4 5 3" </string>
				<string> "coin 7" </string>
				<string> "coin 4 6" </string>
				<string> "coin 6 3" </string>
				<string> "coin 3 5 3" </string>
				<string> "coin 4 4 4" </string>
				<string> "coin 3 6" </string>
				<string> "coin 4 5 4" </string>
				<string> "coin 4 5 4 2" </string>
				<string> "coin 8" </string>
				<string> "coin 4 4 5" </string>
				<string> "coin 4 7" </string>
				<string> "coin 6 4" </string>
				<string> "coin 3 5 4" </string>
				<string> "coin 4 5 5" </string>
				<string> "coin 3 7" </string>
				<string> "coin 4 5 4 3" </string>
				<string> "coin 9" </string>
				<string> "coin 4 4 6" </string>
				<string> "coin 4 8" </string>
				<string> "coin 4 5 6" </string>
				<string> "coin 3 5 5" </string>
				<string> "coin 6 5" </string>
				<string> "coin 3 8" </string>
				<string> "coin 4 5 4 4" </string>
				<string> "enemies" </string>
				<string> "enemy" </string>
				<string> "RigidBody" </string>
				<string> "enemy 2" </string>
				<string> "enemy 3" </string>
				<string> "enemy 4" </string>
				<string> "player" </string>
			</string_array>
			<string> "version" </string>
			<int> 1 </int>
			<string> "conn_count" </string>
			<int> 0 </int>
			<string> "node_count" </string>
			<int> 55 </int>
			<string> "variants" </string>
			<array  len="82" shared="false">
				<node_path> "" </node_path>
				<transform> 1, 0, 0, 0, 1, 0, 0, 0, 1, 0, 0, 0 </transform>
				<bool> True </bool>
				<dictionary  shared="false">
					<string> "__editor_plugin_states__" </string>
					<dictionary  shared="false">
						<string> "2D" </string>
						<dictionary  shared="false">
							<string> "pixel_snap" </string>
							<bool> False </bool>
							<string> "zoom" </string>
							<real> 1 </real>
							<string> "use_snap" </string>
							<bool> False </bool>
							<string> "ofs" </string>
							<vector2> 1, 1 </vector2>
							<string> "snap" </string>
							<int> 10 </int>
						</dictionary>
						<string> "3D" </string>
						<dictionary  shared="false">
							<string> "deflight_rot_y" </string>
							<real> 0.628319 </real>
							<string> "zfar" </string>
							<real> 500 </real>
							<string> "fov" </string>
							<real> 179 </real>
							<string> "viewports" </string>
							<array  len="4" shared="false">
								<dictionary  shared="false">
									<string> "distance" </string>
									<real> 9.009935 </real>
									<string> "x_rot" </string>
									<real> 0.458294 </real>
									<string> "y_rot" </string>
									<real> -1.2 </real>
									<string> "listener" </string>
									<bool> True </bool>
									<string> "use_environment" </string>
									<bool> False </bool>
									<string> "use_orthogonal" </string>
									<bool> False </bool>
									<string> "pos" </string>
									<vector3> 13.4535, 5.75047, 13.8175 </vector3>
								</dictionary>
								<dictionary  shared="false">
									<string> "distance" </string>
									<real> 4 </real>
									<string> "x_rot" </string>
									<real> 0 </real>
									<string> "y_rot" </string>
									<real> 0 </real>
									<string> "listener" </string>
									<bool> False </bool>
									<string> "use_environment" </string>
									<bool> False </bool>
									<string> "use_orthogonal" </string>
									<bool> False </bool>
									<string> "pos" </string>
									<vector3> 0, 0, 0 </vector3>
								</dictionary>
								<dictionary  shared="false">
									<string> "distance" </string>
									<real> 4 </real>
									<string> "x_rot" </string>
									<real> 0 </real>
									<string> "y_rot" </string>
									<real> 0 </real>
									<string> "listener" </string>
									<bool> False </bool>
									<string> "use_environment" </string>
									<bool> False </bool>
									<string> "use_orthogonal" </string>
									<bool> False </bool>
									<string> "pos" </string>
									<vector3> 0, 0, 0 </vector3>
								</dictionary>
								<dictionary  shared="false">
									<string> "distance" </string>
									<real> 4 </real>
									<string> "x_rot" </string>
									<real> 0 </real>
									<string> "y_rot" </string>
									<real> 0 </real>
									<string> "listener" </string>
									<bool> False </bool>
									<string> "use_environment" </string>
									<bool> False </bool>
									<string> "use_orthogonal" </string>
									<bool> False </bool>
									<string> "pos" </string>
									<vector3> 0, 0, 0 </vector3>
								</dictionary>
							</array>
							<string> "viewport_mode" </string>
							<int> 1 </int>
							<string> "default_light" </string>
							<bool> False </bool>
							<string> "ambient_light_color" </string>
							<color> 0.15, 0.15, 0.15, 1 </color>
							<string> "show_grid" </string>
							<bool> True </bool>
							<string> "show_origin" </string>
							<bool> True </bool>
							<string> "znear" </string>
							<real> 0.1 </real>
							<string> "default_srgb" </string>
							<bool> False </bool>
							<string> "deflight_rot_x" </string>
							<real> 0.942478 </real>
						</dictionary>
					</dictionary>
					<string> "__editor_run_settings__" </string>
					<dictionary  shared="false">
						<string> "custom_args" </string>
						<string> "-l $scene" </string>
						<string> "run_mode" </string>
						<int> 0 </int>
					</dictionary>
					<string> "__editor_plugin_screen__" </string>
					<string> "3D" </string>
				</dictionary>
				<resource  resource_type="MeshLibrary" path="res://tiles.res">  </resource>
				<bool> False </bool>
				<real> 2 </real>
				<int> 4 </int>
				<real> 1.001 </real>
				<dictionary  shared="false">
					<string> "cells" </string>
					<int_array  len="5133"> 						3, 0, 1048584, 12, 0, 1441800, 65539, 0, 1048584, 65548, 0, 1441800, 131075, 0, 1048578, 131084, 0, 1441800, 196611, 0, 1048578, 196620, 0, 1441800, 262147, 0, 1048578, 262156, 0, 1441800, 327683, 0, 1048584, 327692, 0, 1441794, 393219, 0, 1048584, 393228, 0, 1441794, 458752, 0, 655367, 458753, 0, 655367, 458754, 0, 655367, 458755, 0, 655367, 458764, 0, 1441794, 524286, 0, 655367, 524287, 0, 655367, 524300, 0, 1441798, -65533, 0, 1048579, -65532, 0, 1441799, -65531, 0, 1441799, -65530, 0, 1441799, -65529, 0, 1441799, -65528, 0, 1441799, -65527, 0, 1441799, -65526, 0, 1441799, -65525, 0, 1441799, -65524, 0, 1441800, 3, 1, 1048584, 12, 1, 1441800, 29, 1, 8, 30, 1, 8, 31, 1, 8, 65539, 1, 1048584, 65548, 1, 1441800, 65560, 1, 655366, 65561, 1, 655366, 65562, 1, 655366, 65563, 1, 655366, 65564, 1, 655365, 65565, 1, 6, 65566, 1, 6, 65567, 1, 6, 65568, 1, 655366, 65569, 1, 655365, 131075, 1, 1048578, 131084, 1, 1441800, 196611, 1, 1048578, 196620, 1, 1441800, 262147, 1, 1048578, 262156, 1, 1441800, 327683, 1, 1048584, 327692, 1, 1441794, 393219, 1, 1048584, 393228, 1, 1441794, 458752, 1, 655367, 458753, 1, 655367, 458754, 1, 655367, 458755, 1, 655367, 458764, 1, 1441794, 524285, 1, 655367, 524286, 1, 655367, 524287, 1, 655367, 524300, 1, 1441798, -65533, 1, 1048579, -65532, 1, 1441799, -65531, 1, 1441799, -65530, 1, 1441799, -65529, 1, 1441799, -65528, 1, 1441799, -65527, 1, 1441799, -65526, 1, 1441799, -65525, 1, 1441799, -65524, 1, 1441800, -65507, 1, 3, -65506, 1, 3, -65505, 1, 3, 3, 2, 1048584, 5, 2, 1441797, 6, 2, 655365, 8, 2, 1441801, 9, 2, 655368, 10, 2, 655368, 11, 2, 655368, 12, 2, 1441800, 28, 2, 1048584, 32, 2, 9, 65539, 2, 1048584, 65544, 2, 1441797, 65545, 2, 655366, 65546, 2, 655366, 65547, 2, 655366, 65548, 2, 1441800, 65564, 2, 655369, 65568, 2, 5, 65569, 2, 1048583, 65570, 2, 655365, 131075, 2, 1048578, 131084, 2, 1441800, 131100, 2, 655369, 196611, 2, 1048578, 196620, 2, 1441800, 196632, 2, 655366, 196633, 2, 655366, 196634, 2, 655366, 196635, 2, 655366, 196636, 2, 655365, 262147, 2, 1048578, 262156, 2, 1441800, 327683, 2, 1048584, 327692, 2, 1441794, 393219, 2, 1048584, 393228, 2, 1441794, 458752, 2, 655367, 458753, 2, 655367, 458754, 2, 655367, 458755, 2, 655367, 458764, 2, 1441794, 524285, 2, 655367, 524286, 2, 655367, 524287, 2, 655367, 524300, 2, 1441798, -65533, 2, 1048579, -65532, 2, 1048583, -65531, 2, 1441796, -65530, 2, 655364, -65529, 2, 1441799, -65528, 2, 1441796, -65527, 2, 655363, -65526, 2, 655363, -65525, 2, 655363, -65524, 2, 1441800, -65508, 2, 1048579, -65507, 2, 1441799, -65506, 2, 1441799, -65505, 2, 1441799, -65504, 2, 4, 3, 3, 1048584, 5, 3, 5, 6, 3, 1048581, 8, 3, 9, 9, 3, 8, 10, 3, 8, 11, 3, 8, 12, 3, 1441800, 28, 3, 1048585, 33, 3, 9, 65539, 3, 1048584, 65544, 3, 5, 65545, 3, 6, 65546, 3, 6, 65547, 3, 6, 65548, 3, 1441800, 65564, 3, 1048585, 65569, 3, 5, 65570, 3, 1048583, 65571, 3, 655365, 131075, 3, 1048578, 131084, 3, 1441800, 131100, 3, 1048585, 196611, 3, 1048578, 196620, 3, 1441800, 196632, 3, 655363, 196633, 3, 655363, 196634, 3, 655363, 196635, 3, 655364, 196636, 3, 1048581, 262147, 3, 1048578, 262156, 3, 1441800, 262168, 3, 655366, 262169, 3, 655366, 262170, 3, 655366, 262171, 3, 655365, 327683, 3, 1048584, 327692, 3, 1441794, 393219, 3, 1048584, 393228, 3, 1441794, 458752, 3, 655367, 458753, 3, 655366, 458754, 3, 655366, 458755, 3, 655367, 458764, 3, 1441794, 458771, 3, 1048578, 524284, 3, 655367, 524285, 3, 655367, 524286, 3, 655367, 524287, 3, 655367, 524300, 3, 1441798, -65533, 3, 1048579, -65532, 3, 1048583, -65531, 3, 4, -65530, 3, 1048580, -65529, 3, 1441799, -65528, 3, 4, -65527, 3, 3, -65526, 3, 3, -65525, 3, 3, -65524, 3, 1441800, -65508, 3, 1048580, -65507, 3, 1441799, -65506, 3, 1441799, -65505, 3, 1441799, -65504, 3, 1441799, -65503, 3, 4, 3, 4, 1048584, 12, 4, 1441800, 27, 4, 1048584, 34, 4, 1441800, 65539, 4, 1048584, 65548, 4, 1441800, 65563, 4, 1048584, 65570, 4, 1048583, 65571, 4, 1048582, 131075, 4, 1048578, 131084, 4, 9, 131085, 4, 3, 131086, 4, 3, 131087, 4, 3, 131088, 4, 3, 131089, 4, 3, 131090, 4, 3, 131099, 4, 1048584, 196611, 4, 1048578, 196620, 4, 9, 196621, 4, 8, 196622, 4, 8, 196623, 4, 8, 196624, 4, 8, 196625, 4, 8, 196626, 4, 8, 196635, 4, 1048584, 262147, 4, 1048578, 262156, 4, 1441800, 262168, 4, 655363, 262169, 4, 655363, 262170, 4, 655364, 262171, 4, 1048582, 327680, 4, 8, 327681, 4, 8, 327682, 4, 8, 327683, 4, 1048580, 327691, 4, 1441808, 327692, 4, 9, 327693, 4, 3, 327694, 4, 3, 327695, 4, 3, 327696, 4, 3, 327697, 4, 3, 393216, 4, 8, 393217, 4, 8, 393218, 4, 8, 393219, 4, 1048585, 393228, 4, 9, 393229, 4, 2, 393230, 4, 2, 393231, 4, 2, 393232, 4, 2, 393233, 4, 2, 458752, 4, 6, 458753, 4, 6, 458754, 4, 6, 458755, 4, 1048581, 458764, 4, 1441800, 458771, 4, 1048578, 458774, 4, 1048583, 458775, 4, 1048583, 458776, 4, 1048583, 458777, 4, 1048583, 458778, 4, 1048582, 524284, 4, 655367, 524285, 4, 655367, 524286, 4, 655367, 524287, 4, 1048583, 524300, 4, 1441798, 524307, 4, 1048582, -65533, 4, 1048579, -65532, 4, 7, -65531, 4, 7, -65530, 4, 7, -65529, 4, 7, -65528, 4, 1441799, -65527, 4, 1441799, -65526, 4, 1441799, -65525, 4, 1441799, -65524, 4, 1441800, -65509, 4, 1048579, -65508, 4, 1441799, -65507, 4, 1441799, -65506, 4, 1441799, -65505, 4, 1441799, -65504, 4, 1441799, -65503, 4, 1441799, -65502, 4, 1441795, 3, 5, 1048584, 11, 5, 1441801, 27, 5, 1048584, 34, 5, 9, 65538, 5, 3, 65539, 5, 1048580, 65547, 5, 1441801, 65563, 5, 1048584, 65570, 5, 5, 65571, 5, 1048582, 131074, 5, 2, 131075, 5, 1048585, 131083, 5, 1441797, 131084, 5, 7, 131085, 5, 7, 131086, 5, 7, 131087, 5, 7, 131088, 5, 7, 131089, 5, 7, 131090, 5, 7, 131091, 5, 1441795, 131099, 5, 1048584, 196610, 5, 2, 196611, 5, 1048585, 196627, 5, 1441800, 196635, 5, 1048584, 262146, 5, 2, 262147, 5, 1048585, 262156, 5, 1441806, 262157, 5, 1, 262158, 5, 1, 262159, 5, 1, 262160, 5, 1, 262161, 5, 655361, 262162, 5, 655361, 262170, 5, 1048584, 262171, 5, 1048582, 327680, 5, 655366, 327681, 5, 1441798, 327682, 5, 6, 327683, 5, 1048581, 327692, 5, 1441798, 327693, 5, 7, 327694, 5, 7, 327695, 5, 7, 327696, 5, 7, 327697, 5, 1048583, 327698, 5, 1441795, 393215, 5, 1048584, 393234, 5, 1441794, 458751, 5, 1048584, 458764, 5, 1441806, 458765, 5, 655361, 458766, 5, 655361, 458767, 5, 655361, 458768, 5, 655361, 458769, 5, 655361, 458771, 5, 1048578, 458773, 5, 1048583, 458774, 5, 1048583, 458775, 5, 1048583, 458776, 5, 1048583, 458777, 5, 1048583, 458778, 5, 1048582, 524283, 5, 655367, 524284, 5, 655367, 524285, 5, 655367, 524286, 5, 655367, 524287, 5, 1048582, 524300, 5, 1441798, 524301, 5, 1441799, 524302, 5, 1441799, 524303, 5, 1441799, 524304, 5, 1441799, 524305, 5, 1441799, 524306, 5, 1441799, 524307, 5, 1048582, -65533, 5, 1048579, -65532, 5, 7, -65531, 5, 7, -65530, 5, 7, -65529, 5, 1048583, -65528, 5, 1441799, -65527, 5, 1441799, -65526, 5, 1441799, -65525, 5, 1441801, -65509, 5, 1048579, -65508, 5, 1441799, -65507, 5, 1441799, -65506, 5, 1441799, -65505, 5, 1441799, -65504, 5, 1441799, -65503, 5, 1441799, -65502, 5, 4, 2, 6, 655368, 3, 6, 655368, 4, 6, 655369, 11, 6, 1441794, 27, 6, 1048584, 35, 6, 1441800, 65537, 6, 1048579, 65538, 6, 655366, 65539, 6, 655366, 65540, 6, 655365, 65547, 6, 1441794, 65563, 6, 1048584, 65571, 6, 1441798, 131073, 6, 1048584, 131083, 6, 1441798, 131084, 6, 7, 131085, 6, 7, 131086, 6, 7, 131087, 6, 7, 131088, 6, 7, 131089, 6, 7, 131090, 6, 7, 131091, 6, 1441795, 131099, 6, 1048584, 196609, 6, 1048584, 196627, 6, 1441800, 196635, 6, 1048584, 262145, 6, 1048584, 262156, 6, 1441806, 262157, 6, 1, 262158, 6, 1, 262159, 6, 1, 262160, 6, 1, 262161, 6, 655361, 262162, 6, 655361, 262170, 6, 1048584, 262171, 6, 1048582, 327680, 6, 1441799, 327681, 6, 1048582, 327692, 6, 1441798, 327693, 6, 7, 327694, 6, 7, 327695, 6, 7, 327696, 6, 7, 327697, 6, 1048583, 327698, 6, 1441795, 393215, 6, 1048584, 393234, 6, 1441794, 458751, 6, 1048584, 458764, 6, 1441806, 458765, 6, 655361, 458766, 6, 655361, 458767, 6, 655361, 458768, 6, 655361, 458769, 6, 655361, 458771, 6, 1048578, 458773, 6, 1048583, 458774, 6, 1048583, 458775, 6, 1048583, 458776, 6, 1048583, 458777, 6, 1048583, 458778, 6, 1048582, 524283, 6, 655367, 524284, 6, 655367, 524285, 6, 655367, 524286, 6, 655367, 524287, 6, 1048582, 524300, 6, 1441798, 524301, 6, 1441799, 524302, 6, 1441799, 524303, 6, 1441799, 524304, 6, 1441799, 524305, 6, 1441799, 524306, 6, 1441799, 524307, 6, 1048582, -65534, 6, 655363, -65533, 6, 655363, -65532, 6, 655364, -65531, 6, 655367, -65530, 6, 655367, -65529, 6, 1048583, -65528, 6, 7, -65527, 6, 1441799, -65526, 6, 1441799, -65525, 6, 1441795, -65509, 6, 1048579, -65508, 6, 1441799, -65507, 6, 1441799, -65506, 6, 1441799, -65505, 6, 1441799, -65504, 6, 1441799, -65503, 6, 1441799, -65502, 6, 1441799, -65501, 6, 1441800, 4, 7, 1048584, 6, 7, 11, 11, 7, 9, 27, 7, 1048584, 35, 7, 1441800, 65537, 7, 1048579, 65538, 7, 1441799, 65539, 7, 1441799, 65540, 7, 1048582, 65542, 7, 12, 65547, 7, 9, 65563, 7, 1048584, 65571, 7, 1441798, 131073, 7, 1048584, 131078, 7, 1441804, 131083, 7, 5, 131084, 7, 7, 131085, 7, 1441796, 131086, 7, 655363, 131087, 7, 655363, 131088, 7, 655364, 131089, 7, 7, 131090, 7, 7, 131091, 7, 1441795, 131099, 7, 1048584, 196609, 7, 1048584, 196614, 7, 13, 196621, 7, 1441801, 196622, 7, 655362, 196623, 7, 655362, 196624, 7, 655369, 196627, 7, 1441800, 196635, 7, 1048584, 262145, 7, 1048584, 262156, 7, 1441806, 262157, 7, 1441806, 262158, 7, 1, 262159, 7, 1, 262160, 7, 1, 262161, 7, 655361, 262162, 7, 655361, 262170, 7, 1048584, 262171, 7, 1048582, 327680, 7, 1441799, 327681, 7, 1048582, 327691, 7, 1441809, 327692, 7, 1441801, 327693, 7, 655363, 327694, 7, 655363, 327695, 7, 655363, 327696, 7, 655364, 327697, 7, 1048583, 327698, 7, 1441795, 393215, 7, 1048584, 393228, 7, 1441801, 393229, 7, 655368, 393230, 7, 655368, 393231, 7, 655368, 393232, 7, 655369, 393234, 7, 1441794, 458751, 7, 1048584, 458764, 7, 1441800, 458768, 7, 655361, 458769, 7, 655361, 458771, 7, 1048578, 458774, 7, 1048583, 458775, 7, 1048583, 458776, 7, 1048583, 458777, 7, 1048583, 458778, 7, 1048582, 524282, 7, 655367, 524283, 7, 655367, 524284, 7, 655367, 524285, 7, 655367, 524286, 7, 655367, 524287, 7, 1048582, 524300, 7, 1441798, 524301, 7, 1441799, 524302, 7, 1441799, 524303, 7, 1441799, 524304, 7, 1441799, 524305, 7, 1441799, 524306, 7, 1441799, 524307, 7, 1048582, -65532, 7, 1048579, -65531, 7, 1048583, -65530, 7, 10, -65529, 7, 1441799, -65528, 7, 1441799, -65527, 7, 1441799, -65526, 7, 1441799, -65525, 7, 4, -65509, 7, 1048579, -65508, 7, 1441799, -65507, 7, 1441799, -65506, 7, 1441799, -65505, 7, 1441799, -65504, 7, 1441799, -65503, 7, 1441799, -65502, 7, 1441799, -65501, 7, 1441800, 2, 8, 3, 3, 8, 3, 4, 8, 1048585, 12, 8, 1441800, 27, 8, 1048584, 35, 8, 1441800, 65537, 8, 1048579, 65538, 8, 6, 65539, 8, 6, 65540, 8, 1048581, 65548, 8, 1441800, 65563, 8, 1048584, 65571, 8, 1441798, 65572, 8, 655366, 65573, 8, 655366, 65574, 8, 655366, 65575, 8, 655366, 65576, 8, 655366, 65577, 8, 655365, 131073, 8, 1048584, 131084, 8, 1441796, 131088, 8, 1048579, 131089, 8, 7, 131090, 8, 7, 131091, 8, 1441795, 131099, 8, 1048584, 196609, 8, 1048584, 196620, 8, 1441801, 196624, 8, 1048584, 196627, 8, 1441800, 196635, 8, 1048584, 262145, 8, 1048584, 262156, 8, 1441800, 262161, 8, 655361, 262162, 8, 655361, 262170, 8, 1048584, 262171, 8, 1048582, 327680, 8, 1441799, 327681, 8, 1048581, 327692, 8, 1441800, 327695, 8, 3, 327696, 8, 1048580, 327697, 8, 1048583, 327698, 8, 1441795, 393215, 8, 1048584, 393228, 8, 1441800, 393231, 8, 8, 393232, 8, 1048585, 393234, 8, 1441794, 458751, 8, 1048584, 458764, 8, 9, 458769, 8, 655361, 458771, 8, 1048578, 458774, 8, 1048583, 458775, 8, 1048583, 458776, 8, 1048583, 458777, 8, 1048583, 458778, 8, 1048582, 524282, 8, 655367, 524283, 8, 655367, 524284, 8, 655367, 524285, 8, 655367, 524286, 8, 655367, 524287, 8, 1048582, 524300, 8, 5, 524301, 8, 1441799, 524302, 8, 1441799, 524303, 8, 1441799, 524304, 8, 1441799, 524305, 8, 1441799, 524306, 8, 1441799, 524307, 8, 1048582, -65534, 8, 3, -65533, 8, 3, -65532, 8, 1048580, -65531, 8, 655367, -65530, 8, 655367, -65529, 8, 655367, -65528, 8, 1441799, -65527, 8, 1441799, -65526, 8, 1441799, -65525, 8, 655367, -65524, 8, 1441800, -65509, 8, 1048579, -65508, 8, 1441799, -65507, 8, 1441799, -65506, 8, 1441799, -65505, 8, 1441799, -65504, 8, 1441799, -65503, 8, 1441799, -65502, 8, 1441799, -65501, 8, 1441800, 1, 9, 1048578, 2, 9, 5, 3, 9, 1048581, 8, 9, 11, 12, 9, 1441800, 27, 9, 1048584, 35, 9, 1441800, 65537, 9, 1048578, 65544, 9, 12, 65548, 9, 1441800, 65563, 9, 1048584, 65570, 9, 1441809, 65571, 9, 1441801, 65572, 9, 655363, 65573, 9, 655363, 65574, 9, 655363, 65575, 9, 655363, 65576, 9, 655363, 131073, 9, 1048578, 131080, 9, 1048588, 131084, 9, 1441800, 131088, 9, 1048579, 131089, 9, 7, 131090, 9, 7, 131091, 9, 1441795, 131099, 9, 1048584, 131107, 9, 1441797, 131108, 9, 655366, 131109, 9, 655366, 131110, 9, 655366, 131111, 9, 655366, 131112, 9, 655366, 131113, 9, 655365, 196609, 9, 1048578, 196616, 9, 1048588, 196620, 9, 1441800, 196624, 9, 1048584, 196627, 9, 1441800, 196635, 9, 1048584, 262145, 9, 1048578, 262152, 9, 1048589, 262156, 9, 1441800, 262161, 9, 655361, 262162, 9, 655361, 262169, 9, 3, 262170, 9, 1048580, 262171, 9, 1048582, 327680, 9, 655368, 327681, 9, 655369, 327682, 9, 1048592, 327692, 9, 1441800, 327694, 9, 1048579, 327695, 9, 1441799, 327696, 9, 1441799, 327697, 9, 1441799, 327698, 9, 1441795, 327705, 9, 8, 327706, 9, 1048585, 393216, 9, 655368, 393217, 9, 655369, 393228, 9, 1441800, 393230, 9, 1048584, 393234, 9, 1441794, 393241, 9, 8, 393242, 9, 1048585, 458752, 9, 655366, 458753, 9, 655365, 458764, 9, 1441798, 458765, 9, 1441795, 458767, 9, 655361, 458768, 9, 655361, 458769, 9, 655361, 458771, 9, 1048578, 458774, 9, 1048583, 458775, 9, 1048583, 458776, 9, 1048583, 458777, 9, 6, 458778, 9, 1048581, 524282, 9, 655367, 524283, 9, 655367, 524284, 9, 655367, 524285, 9, 655367, 524286, 9, 655367, 524287, 9, 655367, 524301, 9, 1441798, 524302, 9, 1441799, 524303, 9, 1441799, 524304, 9, 1441799, 524305, 9, 1441799, 524306, 9, 1441799, 524307, 9, 1048582, -65535, 9, 1048584, -65534, 9, 4, -65533, 9, 1048580, -65532, 9, 7, -65531, 9, 7, -65530, 9, 7, -65529, 9, 7, -65528, 9, 10, -65527, 9, 1441799, -65526, 9, 1441799, -65525, 9, 655367, -65524, 9, 1441800, -65509, 9, 1048579, -65508, 9, 1441799, -65507, 9, 1441799, -65506, 9, 1441799, -65505, 9, 1441799, -65504, 9, 1441799, -65503, 9, 1441799, -65502, 9, 1441799, -65501, 9, 1441800, 1, 10, 1048578, 12, 10, 1441800, 26, 10, 8, 27, 10, 1048585, 35, 10, 1441800, 65537, 10, 1048578, 65548, 10, 1441800, 65561, 10, 3, 65562, 10, 3, 65563, 10, 1048585, 65571, 10, 1441800, 131073, 10, 1048578, 131084, 10, 1441800, 131088, 10, 1048580, 131089, 10, 1048583, 131090, 10, 1048583, 131091, 10, 4, 131097, 10, 8, 131098, 10, 8, 131099, 10, 1048585, 131106, 10, 1441809, 131107, 10, 1441801, 131108, 10, 655363, 131109, 10, 655363, 131110, 10, 655363, 131111, 10, 655363, 131112, 10, 655364, 131113, 10, 1048582, 196609, 10, 1048578, 196620, 10, 1441800, 196624, 10, 1048585, 196627, 10, 9, 196633, 10, 8, 196634, 10, 8, 196635, 10, 1048585, 196643, 10, 1441797, 196644, 10, 655366, 196645, 10, 655366, 196646, 10, 655366, 196647, 10, 655366, 196648, 10, 655366, 196649, 10, 655365, 262145, 10, 1048578, 262156, 10, 1441800, 262161, 10, 1, 262162, 10, 1, 262168, 10, 1048579, 262169, 10, 6, 262170, 10, 6, 262171, 10, 1048581, 327681, 10, 1048578, 327685, 10, 655377, 327689, 10, 655376, 327692, 10, 1441800, 327694, 10, 1048579, 327695, 10, 1441799, 327696, 10, 1441796, 327697, 10, 655363, 327704, 10, 1048584, 393217, 10, 1048584, 393228, 10, 1441800, 393230, 10, 1048584, 393232, 10, 1441801, 393233, 10, 655362, 393240, 10, 1048584, 458752, 10, 6, 458753, 10, 1048582, 458764, 10, 1441798, 458765, 10, 4, 458766, 10, 3, 458767, 10, 14, 458768, 10, 3, 458769, 10, 8, 458770, 10, 8, 458771, 10, 1048585, 458774, 10, 1048583, 458775, 10, 1048583, 458776, 10, 1048582, 524282, 10, 655367, 524283, 10, 655367, 524284, 10, 655367, 524285, 10, 655367, 524286, 10, 655367, 524287, 10, 655367, 524301, 10, 5, 524302, 10, 6, 524303, 10, 6, 524304, 10, 6, 524305, 10, 6, 524306, 10, 6, 524307, 10, 1048581, -65535, 10, 1048584, -65534, 10, 1048583, -65533, 10, 7, -65532, 10, 7, -65531, 10, 7, -65530, 10, 7, -65529, 10, 7, -65528, 10, 655367, -65527, 10, 655367, -65526, 10, 655367, -65525, 10, 655367, -65524, 10, 1441800, -65511, 10, 3, -65510, 10, 3, -65509, 10, 1048580, -65508, 10, 7, -65507, 10, 7, -65506, 10, 7, -65505, 10, 7, -65504, 10, 7, -65503, 10, 7, -65502, 10, 1441799, -65501, 10, 1441795, 2, 11, 655368, 3, 11, 655368, 4, 11, 655368, 5, 11, 655368, 6, 11, 655368, 7, 11, 655368, 8, 11, 655368, 9, 11, 655368, 10, 11, 655368, 11, 11, 655368, 21, 11, 8, 22, 11, 8, 23, 11, 8, 24, 11, 1048585, 25, 11, 1441801, 26, 11, 655369, 35, 11, 1441800, 65538, 11, 655368, 65539, 11, 655368, 65540, 11, 655368, 65541, 11, 655368, 65542, 11, 655368, 65543, 11, 655368, 65544, 11, 655368, 65545, 11, 655368, 65546, 11, 655368, 65547, 11, 655368, 65549, 11, 8, 65550, 11, 8, 65551, 11, 8, 65552, 11, 8, 65553, 11, 8, 65554, 11, 8, 65555, 11, 8, 65556, 11, 8, 65557, 11, 8, 65558, 11, 8, 65559, 11, 8, 65560, 11, 1048585, 65561, 11, 1441797, 65562, 11, 655365, 65571, 11, 1441800, 131074, 11, 655368, 131075, 11, 655368, 131076, 11, 655368, 131077, 11, 655368, 131078, 11, 655368, 131079, 11, 655368, 131080, 11, 655368, 131081, 11, 655368, 131082, 11, 655368, 131083, 11, 655368, 131085, 11, 8, 131086, 11, 8, 131087, 11, 1048585, 131088, 11, 6, 131089, 11, 6, 131090, 11, 6, 131091, 11, 6, 131092, 11, 9, 131093, 11, 8, 131094, 11, 8, 131095, 11, 8, 131096, 11, 1048585, 131107, 11, 1441800, 196610, 11, 655368, 196611, 11, 655368, 196612, 11, 655368, 196613, 11, 655368, 196614, 11, 655368, 196615, 11, 655368, 196616, 11, 655368, 196617, 11, 655368, 196618, 11, 655368, 196619, 11, 655368, 196621, 11, 8, 196622, 11, 8, 196623, 11, 1048585, 196628, 11, 9, 196629, 11, 8, 196630, 11, 8, 196631, 11, 8, 196632, 11, 1048585, 196642, 11, 1441809, 196643, 11, 1441801, 196644, 11, 655363, 196645, 11, 655363, 196646, 11, 655363, 196647, 11, 655363, 196648, 11, 655364, 196649, 11, 1048582, 262146, 11, 655368, 262147, 11, 655368, 262148, 11, 655368, 262149, 11, 655368, 262150, 11, 655368, 262151, 11, 655368, 262152, 11, 655368, 262153, 11, 655368, 262154, 11, 655368, 262155, 11, 655368, 262157, 11, 8, 262158, 11, 8, 262159, 11, 8, 262160, 11, 14, 262161, 11, 14, 262162, 11, 14, 262163, 11, 14, 262164, 11, 8, 262165, 11, 8, 262166, 11, 8, 262167, 11, 8, 262168, 11, 1048585, 262179, 11, 1441797, 262180, 11, 655366, 262181, 11, 655366, 262182, 11, 655366, 262183, 11, 655366, 262184, 11, 655366, 262185, 11, 655365, 327682, 11, 655362, 327683, 11, 655362, 327684, 11, 655362, 327685, 11, 655369, 327686, 11, 655366, 327687, 11, 655366, 327688, 11, 655366, 327689, 11, 1441801, 327690, 11, 655368, 327691, 11, 655368, 327693, 11, 8, 327694, 11, 1048585, 327695, 11, 6, 327696, 11, 9, 327697, 11, 8, 327698, 11, 8, 327699, 11, 8, 327700, 11, 8, 327701, 11, 8, 327702, 11, 8, 327703, 11, 8, 327704, 11, 1048585, 393218, 11, 655362, 393219, 11, 655362, 393220, 11, 655362, 393221, 11, 655369, 393225, 11, 1441801, 393226, 11, 655368, 393227, 11, 655368, 393229, 11, 8, 393230, 11, 1048585, 393232, 11, 9, 393233, 11, 2, 393234, 11, 2, 393235, 11, 2, 393236, 11, 2, 393237, 11, 8, 393238, 11, 8, 393239, 11, 8, 393240, 11, 1048585, 458752, 11, 655367, 458753, 11, 655367, 458754, 11, 655366, 458755, 11, 655366, 458756, 11, 655366, 458757, 11, 655366, 458761, 11, 1441797, 458762, 11, 655366, 458763, 11, 655366, 458764, 11, 1441799, 458765, 11, 6, 458766, 11, 1048581, 458768, 11, 5, 458769, 11, 6, 458770, 11, 6, 458771, 11, 6, 458772, 11, 6, 458773, 11, 6, 458774, 11, 6, 458775, 11, 6, 458776, 11, 1048581, 524282, 11, 655367, 524283, 11, 655367, 524284, 11, 655367, 524285, 11, 655367, 524286, 11, 655367, 524287, 11, 655367, -65534, 11, 655363, -65533, 11, 655363, -65532, 11, 655363, -65531, 11, 655363, -65530, 11, 655363, -65529, 11, 655363, -65528, 11, 655363, -65527, 11, 655363, -65526, 11, 655363, -65525, 11, 655363, -65512, 11, 1048580, -65511, 11, 1441796, -65510, 11, 655364, -65509, 11, 7, -65508, 11, 7, -65507, 11, 7, -65506, 11, 7, -65505, 11, 7, -65504, 11, 7, -65503, 11, 7, -65502, 11, 7, -65501, 11, 1441795, 21, 12, 15, 23, 12, 1048582, 25, 12, 9, 26, 12, 1048585, 35, 12, 1441800, 65548, 12, 1048584, 65549, 12, 1048583, 65550, 12, 1048583, 65551, 12, 1048583, 65552, 12, 1048583, 65553, 12, 1048583, 65554, 12, 1048583, 65555, 12, 1048583, 65556, 12, 1048583, 65561, 12, 5, 65562, 12, 1048581, 65571, 12, 1441800, 131084, 12, 1048584, 131087, 12, 16, 131092, 12, 17, 131107, 12, 1441800, 196620, 12, 1048584, 196643, 12, 1441800, 262156, 12, 1048584, 262178, 12, 1441809, 262179, 12, 1441801, 262180, 12, 655363, 262181, 12, 655363, 262182, 12, 655363, 262183, 12, 655363, 262184, 12, 655364, 262185, 12, 1048582, 327686, 12, 655363, 327687, 12, 655363, 327688, 12, 655363, 327692, 12, 1048584, 327694, 12, 16, 327696, 12, 17, 327715, 12, 1441797, 327716, 12, 655366, 327717, 12, 655366, 327718, 12, 655366, 327719, 12, 655366, 327720, 12, 655365, 393222, 12, 655368, 393223, 12, 655368, 393224, 12, 655368, 393228, 12, 1048584, 458752, 12, 655367, 458753, 12, 655367, 458754, 12, 655367, 458755, 12, 655367, 458756, 12, 655367, 458757, 12, 655367, 458758, 12, 655366, 458759, 12, 655366, 458760, 12, 655366, 458761, 12, 1441799, 458762, 12, 1441799, 458763, 12, 1441799, 458764, 12, 655366, 524282, 12, 655367, 524283, 12, 655367, 524284, 12, 655367, 524285, 12, 655367, 524286, 12, 655367, 524287, 12, 655367, -65513, 12, 1048579, -65512, 12, 7, -65511, 12, 4, -65510, 12, 1048580, -65509, 12, 7, -65508, 12, 7, -65507, 12, 7, -65506, 12, 7, -65505, 12, 7, -65504, 12, 7, -65503, 12, 7, -65502, 12, 7, -65501, 12, 1441795, 21, 13, 15, 23, 13, 1048582, 28, 13, 1441801, 29, 13, 655369, 35, 13, 1441800, 65548, 13, 1048584, 65549, 13, 1048583, 65550, 13, 1048583, 65551, 13, 1048583, 65552, 13, 1048583, 65553, 13, 1048583, 65554, 13, 1048583, 65555, 13, 1048583, 65556, 13, 1048583, 65564, 13, 1441801, 65565, 13, 655369, 65571, 13, 1441800, 131084, 13, 1048584, 131100, 13, 1441797, 131101, 13, 655365, 131107, 13, 1441800, 196620, 13, 1048584, 196643, 13, 1441800, 262156, 13, 1048584, 262179, 13, 1441800, 327692, 13, 1048584, 327715, 13, 1441798, 393228, 13, 1048584, 458752, 13, 655367, 458753, 13, 655367, 458754, 13, 655367, 458755, 13, 655367, 458756, 13, 655367, 458757, 13, 655367, 458758, 13, 655367, 458759, 13, 655367, 458760, 13, 655367, 458761, 13, 655367, 458762, 13, 1441799, 458763, 13, 1441799, 458764, 13, 655366, 524282, 13, 655367, 524283, 13, 655367, 524284, 13, 655367, 524285, 13, 655367, 524286, 13, 655367, 524287, 13, 655367, -65513, 13, 1048579, -65512, 13, 7, -65511, 13, 7, -65510, 13, 7, -65509, 13, 7, -65508, 13, 1441796, -65507, 13, 655364, -65506, 13, 7, -65505, 13, 7, -65504, 13, 7, -65503, 13, 7, -65502, 13, 7, -65501, 13, 1441795, 21, 14, 15, 23, 14, 1048582, 28, 14, 9, 29, 14, 1048585, 35, 14, 1441800, 65548, 14, 1048584, 65549, 14, 1048583, 65550, 14, 1048583, 65551, 14, 1048583, 65552, 14, 1048583, 65553, 14, 655373, 65554, 14, 655373, 65555, 14, 1048583, 65556, 14, 1048583, 65564, 14, 9, 65565, 14, 1048585, 65571, 14, 1441800, 131084, 14, 1048584, 131090, 14, 655373, 131100, 14, 5, 131101, 14, 1048581, 131107, 14, 1441800, 196620, 14, 1048584, 196643, 14, 1441800, 262156, 14, 1048584, 262179, 14, 1441800, 327692, 14, 1048584, 327715, 14, 1441798, 393228, 14, 1048584, 458752, 14, 655367, 458753, 14, 655367, 458754, 14, 655367, 458755, 14, 655367, 458756, 14, 655367, 458757, 14, 655367, 458758, 14, 655367, 458759, 14, 655367, 458760, 14, 655367, 458761, 14, 655367, 458762, 14, 1441799, 458763, 14, 1441799, 458764, 14, 655366, 524282, 14, 655367, 524283, 14, 655367, 524284, 14, 655367, 524285, 14, 655367, 524286, 14, 655367, 524287, 14, 655367, -65513, 14, 1048579, -65512, 14, 7, -65511, 14, 7, -65510, 14, 7, -65509, 14, 7, -65508, 14, 4, -65507, 14, 1048580, -65506, 14, 7, -65505, 14, 7, -65504, 14, 7, -65503, 14, 7, -65502, 14, 7, -65501, 14, 1441795, 21, 15, 655368, 22, 15, 655368, 23, 15, 655368, 24, 15, 655369, 31, 15, 1441801, 32, 15, 655369, 35, 15, 1441800, 65548, 15, 1048584, 65549, 15, 655368, 65550, 15, 655368, 65551, 15, 655368, 65552, 15, 655368, 65553, 15, 655368, 65554, 15, 655368, 65555, 15, 655368, 65556, 15, 655368, 65557, 15, 655368, 65558, 15, 655368, 65559, 15, 655368, 65560, 15, 655369, 65567, 15, 1441801, 65568, 15, 655369, 65571, 15, 1441800, 131084, 15, 1048584, 131085, 15, 655368, 131086, 15, 655368, 131087, 15, 655368, 131088, 15, 655368, 131089, 15, 655368, 131090, 15, 655368, 131091, 15, 655368, 131092, 15, 655368, 131093, 15, 655368, 131094, 15, 655368, 131095, 15, 655368, 131096, 15, 655369, 131103, 15, 1441801, 131104, 15, 655369, 131107, 15, 1441800, 196620, 15, 1048584, 196621, 15, 655368, 196622, 15, 655368, 196623, 15, 655368, 196624, 15, 655368, 196625, 15, 655368, 196626, 15, 655368, 196627, 15, 655368, 196628, 15, 655368, 196629, 15, 655368, 196630, 15, 655368, 196631, 15, 655368, 196632, 15, 655369, 196639, 15, 1441797, 196640, 15, 655365, 196643, 15, 1441800, 262156, 15, 1048584, 262158, 15, 655368, 262159, 15, 655368, 262160, 15, 655368, 262161, 15, 655368, 262162, 15, 655368, 262163, 15, 655368, 262164, 15, 655368, 262165, 15, 655368, 262166, 15, 655368, 262167, 15, 655368, 262168, 15, 655369, 262179, 15, 1441800, 327692, 15, 1048584, 327693, 15, 655368, 327694, 15, 655368, 327695, 15, 655368, 327696, 15, 655368, 327697, 15, 655368, 327698, 15, 655368, 327699, 15, 655368, 327700, 15, 655366, 327701, 15, 655366, 327702, 15, 655366, 327703, 15, 655366, 327704, 15, 655365, 327715, 15, 1441798, 393228, 15, 1048584, 393229, 15, 655368, 393230, 15, 655368, 393231, 15, 655368, 393232, 15, 655368, 393233, 15, 655368, 393234, 15, 655368, 393235, 15, 655368, 458752, 15, 655367, 458753, 15, 655367, 458754, 15, 655367, 458755, 15, 655367, 458756, 15, 655367, 458757, 15, 655367, 458758, 15, 655367, 458759, 15, 655367, 458760, 15, 655367, 458761, 15, 655367, 458762, 15, 1441799, 458763, 15, 1441799, 458764, 15, 655366, 458765, 15, 655366, 458766, 15, 655366, 458767, 15, 655366, 458768, 15, 655366, 458769, 15, 655366, 458770, 15, 655366, 458771, 15, 655366, 524282, 15, 655367, 524284, 15, 655367, 524285, 15, 655367, 524286, 15, 655367, 524287, 15, 655367, -65512, 15, 655364, -65511, 15, 7, -65510, 15, 7, -65509, 15, 7, -65508, 15, 7, -65507, 15, 7, -65506, 15, 7, -65505, 15, 1441796, -65504, 15, 655364, -65503, 15, 7, -65502, 15, 7, -65501, 15, 1441795, 25, 16, 655369, 31, 16, 9, 32, 16, 1048585, 34, 16, 1441801, 65548, 16, 1048584, 65561, 16, 655369, 65567, 16, 9, 65568, 16, 1048585, 65570, 16, 1441801, 131084, 16, 1048584, 131097, 16, 655369, 131103, 16, 9, 131104, 16, 1048585, 131106, 16, 1441801, 196620, 16, 1048584, 196633, 16, 655369, 196639, 16, 5, 196640, 16, 1048581, 196642, 16, 1441801, 262156, 16, 1048584, 262169, 16, 655369, 262178, 16, 1441801, 327692, 16, 1048584, 327705, 16, 655365, 327714, 16, 1441797, 393228, 16, 1048584, 458752, 16, 655367, 458753, 16, 655367, 458754, 16, 655367, 458755, 16, 655367, 458756, 16, 655367, 458757, 16, 655367, 458758, 16, 655367, 458759, 16, 655367, 458760, 16, 655367, 458761, 16, 655367, 458762, 16, 1441799, 458763, 16, 1441799, 458764, 16, 655366, 524282, 16, 655367, 524284, 16, 655367, 524285, 16, 655367, 524286, 16, 655367, 524287, 16, 655367, -65511, 16, 655364, -65510, 16, 7, -65509, 16, 7, -65508, 16, 7, -65507, 16, 7, -65506, 16, 7, -65505, 16, 4, -65504, 16, 1048580, -65503, 16, 7, -65502, 16, 1441796, 25, 17, 1048584, 34, 17, 1441800, 65548, 17, 1048584, 65561, 17, 1048584, 65570, 17, 1441800, 131084, 17, 1048584, 131097, 17, 1048584, 131106, 17, 1441800, 196633, 17, 1048584, 196642, 17, 1441800, 262169, 17, 1048584, 262174, 17, 655377, 262177, 17, 655376, 262178, 17, 1441800, 327705, 17, 1048582, 327714, 17, 1441798, 458752, 17, 655367, 458753, 17, 655367, 458754, 17, 655367, 458755, 17, 655367, 458756, 17, 655367, 458757, 17, 655367, 458758, 17, 655367, 458759, 17, 655367, 458760, 17, 655367, 458761, 17, 655367, 458762, 17, 1441799, 458763, 17, 1441799, 458764, 17, 1441799, 524282, 17, 655367, 524283, 17, 655367, 524284, 17, 655367, 524285, 17, 655367, 524286, 17, 655367, 524287, 17, 655367, -65511, 17, 1048579, -65510, 17, 7, -65509, 17, 7, -65508, 17, 7, -65507, 17, 7, -65506, 17, 7, -65505, 17, 7, -65504, 17, 7, -65503, 17, 7, -65502, 17, 1441795, 26, 18, 655368, 27, 18, 655368, 28, 18, 655368, 29, 18, 655368, 30, 18, 655368, 31, 18, 655368, 32, 18, 655368, 33, 18, 655368, 65562, 18, 655368, 65563, 18, 655368, 65564, 18, 655368, 65565, 18, 655368, 65566, 18, 655368, 65567, 18, 655368, 65568, 18, 655368, 65569, 18, 655368, 131098, 18, 655368, 131099, 18, 655368, 131100, 18, 655368, 131101, 18, 655368, 131102, 18, 655368, 131103, 18, 655368, 131104, 18, 655368, 131105, 18, 655368, 196634, 18, 655368, 196635, 18, 655368, 196636, 18, 655368, 196637, 18, 655368, 196638, 18, 655368, 196639, 18, 655368, 196640, 18, 655368, 196641, 18, 655368, 262170, 18, 655368, 262171, 18, 655368, 262172, 18, 655368, 262173, 18, 655368, 262174, 18, 655369, 262175, 18, 655366, 262176, 18, 655366, 262177, 18, 1441801, 327706, 18, 655366, 327707, 18, 655366, 327708, 18, 655366, 327709, 18, 655366, 327710, 18, 655366, 327713, 18, 1441797, 458752, 18, 655367, 458753, 18, 655367, 458754, 18, 655367, 458755, 18, 655367, 458756, 18, 655367, 458757, 18, 655367, 458758, 18, 655367, 458759, 18, 655367, 458760, 18, 655367, 458762, 18, 1441799, 458763, 18, 1441799, 458764, 18, 1441799, 524283, 18, 655367, 524284, 18, 655367, 524285, 18, 655367, 524286, 18, 655367, 524287, 18, 655367, -65510, 18, 655363, -65509, 18, 655363, -65508, 18, 655363, -65507, 18, 655363, -65506, 18, 655363, -65505, 18, 655363, -65504, 18, 655363, -65503, 18, 655363, 524287, 19, 655367, 65540, 65533, 3, 131076, 65533, 2, 131077, 65533, 3, 196611, 65533, 1048579, 196612, 65533, 6, 196613, 65533, 6, 196614, 65533, 655366, 196615, 65533, 655366, 196616, 65533, 655366, 196617, 65533, 655366, 196618, 65533, 7, 196619, 65533, 655366, 196620, 65533, 1441801, 262147, 65533, 1048578, 262156, 65533, 1441801, 327683, 65533, 1048584, 327692, 65533, 1441801, 393219, 65533, 1048584, 393228, 65533, 1441801, 458764, 65533, 1441801, 524300, 65533, 1441797, 65539, 65534, 1048579, 65540, 65534, 1048583, 65541, 65534, 4, 131075, 65534, 1048578, 131077, 65534, 5, 131078, 65534, 4, 196611, 65534, 1048578, 196614, 65534, 5, 196615, 65534, 7, 196616, 65534, 655370, 196617, 65534, 7, 196618, 65534, 7, 196619, 65534, 7, 196620, 65534, 1441800, 262147, 65534, 1048578, 262152, 65534, 655372, 262156, 65534, 1441800, 327683, 65534, 1048584, 327688, 65534, 655373, 327692, 65534, 1441794, 393219, 65534, 1048584, 393228, 65534, 1441794, 458753, 65534, 655367, 458754, 65534, 655367, 458764, 65534, 1441794, 524300, 65534, 1441798, 4, 65535, 2, 5, 65535, 2, 6, 65535, 2, 7, 65535, 2, 8, 65535, 2, 9, 65535, 2, 10, 65535, 2, 11, 65535, 2, 65539, 65535, 1048579, 65540, 65535, 5, 65541, 65535, 1048581, 65542, 65535, 4, 65543, 65535, 2, 65544, 65535, 2, 65545, 65535, 2, 65546, 65535, 2, 65547, 65535, 2, 131075, 65535, 1048578, 131078, 65535, 5, 131079, 65535, 9, 131080, 65535, 2, 131081, 65535, 2, 131082, 65535, 2, 131083, 65535, 2, 196611, 65535, 1048578, 196615, 65535, 5, 196616, 65535, 6, 196617, 65535, 6, 196618, 65535, 6, 196619, 65535, 6, 196620, 65535, 1441800, 262147, 65535, 1048578, 262156, 65535, 1441800, 327683, 65535, 1048584, 327692, 65535, 1441794, 393219, 65535, 1048584, 393228, 65535, 1441794, 458752, 65535, 655367, 458753, 65535, 655367, 458754, 65535, 655367, 458755, 65535, 655367, 458764, 65535, 1441794, 524287, 65535, 655367, 524300, 65535, 1441798, -65532, 65535, 2, -65531, 65535, 2, -65530, 65535, 2, -65529, 65535, 2, -65528, 65535, 2, -65527, 65535, 2, -65526, 65535, 2, -65525, 65535, 2 </int_array>
				</dictionary>
				<dictionary  shared="false">
					<string> "_editor_clip_" </string>
					<int> 0 </int>
					<string> "_editor_floor_" </string>
					<vector3> 0, 2, 0 </vector3>
				</dictionary>
				<transform> 0.522923, 0.663002, -0.535706, -0.24539, 0.718971, 0.650281, 0.816294, -0.20859, 0.53866, 0, 0, 0 </transform>
				<int> 1 </int>
				<int> 0 </int>
				<real> 1.5 </real>
				<color> 1, 1, 1, 1 </color>
				<real> 0 </real>
				<real> 0.08 </real>
				<real> 0.5 </real>
				<real> 60 </real>
				<real> 1 </real>
				<resource name=""></resource>				<int> 2 </int>
				<real> 40 </real>
				<real> 0.410558 </real>
				<resource  resource_type="Environment" path="local://1">  </resource>
				<dictionary  shared="false">
					<string> "_editor_collapsed" </string>
					<bool> True </bool>
				</dictionary>
				<resource  resource_type="PackedScene" path="res://coin.scn">  </resource>
				<transform> 1, 0, 0, 0, 1, 0, 0, 0, 1, 18.5311, 2.85075, 5.24675 </transform>
				<dictionary  shared="false">
					<string> "__editor_plugin_states__" </string>
					<dictionary  shared="false">
						<string> "Script" </string>
						<dictionary  shared="false">
							<string> "current" </string>
							<int> 0 </int>
							<string> "sources" </string>
							<array  len="1" shared="false">
								<string> "res://coin.gd" </string>
							</array>
						</dictionary>
						<string> "2D" </string>
						<dictionary  shared="false">
							<string> "zoom" </string>
							<real> 1 </real>
							<string> "ofs" </string>
							<vector2> 1, 1 </vector2>
						</dictionary>
						<string> "3D" </string>
						<dictionary  shared="false">
							<string> "fov" </string>
							<real> 400 </real>
							<string> "zfar" </string>
							<real> 500 </real>
							<string> "viewports" </string>
							<array  len="4" shared="false">
								<dictionary  shared="false">
									<string> "distance" </string>
									<real> 1.361845 </real>
									<string> "x_rot" </string>
									<real> 0.0125 </real>
									<string> "y_rot" </string>
									<real> 12.050008 </real>
									<string> "use_orthogonal" </string>
									<bool> False </bool>
									<string> "use_environment" </string>
									<bool> False </bool>
									<string> "pos" </string>
									<vector3> -0.00892573, 0.51052, -0.216081 </vector3>
								</dictionary>
								<dictionary  shared="false">
									<string> "distance" </string>
									<real> 4 </real>
									<string> "x_rot" </string>
									<real> 0 </real>
									<string> "y_rot" </string>
									<real> 0 </real>
									<string> "use_orthogonal" </string>
									<bool> False </bool>
									<string> "use_environment" </string>
									<bool> False </bool>
									<string> "pos" </string>
									<vector3> 0, 0, 0 </vector3>
								</dictionary>
								<dictionary  shared="false">
									<string> "distance" </string>
									<real> 4 </real>
									<string> "x_rot" </string>
									<real> 0 </real>
									<string> "y_rot" </string>
									<real> 0 </real>
									<string> "use_orthogonal" </string>
									<bool> False </bool>
									<string> "use_environment" </string>
									<bool> False </bool>
									<string> "pos" </string>
									<vector3> 0, 0, 0 </vector3>
								</dictionary>
								<dictionary  shared="false">
									<string> "distance" </string>
									<real> 4 </real>
									<string> "x_rot" </string>
									<real> 0 </real>
									<string> "y_rot" </string>
									<real> 0 </real>
									<string> "use_orthogonal" </string>
									<bool> False </bool>
									<string> "use_environment" </string>
									<bool> False </bool>
									<string> "pos" </string>
									<vector3> 0, 0, 0 </vector3>
								</dictionary>
							</array>
							<string> "viewport_mode" </string>
							<int> 1 </int>
							<string> "default_light" </string>
							<bool> True </bool>
							<string> "show_grid" </string>
							<bool> True </bool>
							<string> "znear" </string>
							<real> 0.1 </real>
							<string> "show_origin" </string>
							<bool> True </bool>
						</dictionary>
					</dictionary>
					<string> "__editor_run_settings__" </string>
					<dictionary  shared="false">
						<string> "custom_args" </string>
						<string> "-l $scene" </string>
						<string> "run_mode" </string>
						<int> 0 </int>
					</dictionary>
					<string> "__editor_plugin_screen__" </string>
					<string> "3D" </string>
				</dictionary>
				<transform> 1, 0, 0, 0, 1, 0, 0, 0, 1, 18.5311, 2.85075, 7.24675 </transform>
				<transform> 1, 0, 0, 0, 1, 0, 0, 0, 1, 20.5311, 2.85075, 5.24675 </transform>
				<transform> 1, 0, 0, 0, 1, 0, 0, 0, 1, 20.5311, 2.85075, 7.24675 </transform>
				<transform> 1, 0, 0, 0, 1, 0, 0, 0, 1, 1.61344, 11.28, 11.0239 </transform>
				<transform> 1, 0, 0, 0, 1, 0, 0, 0, 1, 1.61344, 11.28, 13.0239 </transform>
				<transform> 1, 0, 0, 0, 1, 0, 0, 0, 1, 3.61344, 11.28, 11.0239 </transform>
				<transform> 1, 0, 0, 0, 1, 0, 0, 0, 1, 3.61344, 11.28, 13.0239 </transform>
				<transform> 1, 0, 0, 0, 1, 0, 0, 0, 1, 1.61344, 12.9027, 11.03 </transform>
				<transform> 1, 0, 0, 0, 1, 0, 0, 0, 1, 1.61344, 12.9027, 13.03 </transform>
				<transform> 1, 0, 0, 0, 1, 0, 0, 0, 1, 3.61344, 12.9027, 13.03 </transform>
				<transform> 1, 0, 0, 0, 1, 0, 0, 0, 1, 3.61344, 12.9027, 11.03 </transform>
				<transform> 1, 0, 0, 0, 1, 0, 0, 0, 1, 1.61344, 11.28, 15.0922 </transform>
				<transform> 1, 0, 0, 0, 1, 0, 0, 0, 1, 1.61344, 11.28, 17.0922 </transform>
				<transform> 1, 0, 0, 0, 1, 0, 0, 0, 1, 3.61344, 11.28, 17.0922 </transform>
				<transform> 1, 0, 0, 0, 1, 0, 0, 0, 1, 3.61344, 11.28, 15.0922 </transform>
				<transform> 1, 0, 0, 0, 1, 0, 0, 0, 1, 3.61344, 12.9027, 15.0983 </transform>
				<transform> 1, 0, 0, 0, 1, 0, 0, 0, 1, 3.61344, 12.9027, 17.0983 </transform>
				<transform> 1, 0, 0, 0, 1, 0, 0, 0, 1, 1.61344, 12.9027, 15.0983 </transform>
				<transform> 1, 0, 0, 0, 1, 0, 0, 0, 1, 1.61344, 12.9027, 17.0983 </transform>
				<transform> 1, 0, 0, 0, 1, 0, 0, 0, 1, 57.057, 4.14271, 26.9338 </transform>
				<transform> 1, 0, 0, 0, 1, 0, 0, 0, 1, 57.057, 4.14271, 28.9338 </transform>
				<transform> 1, 0, 0, 0, 1, 0, 0, 0, 1, 57.057, 5.76534, 26.9399 </transform>
				<transform> 1, 0, 0, 0, 1, 0, 0, 0, 1, 59.057, 5.76534, 28.9399 </transform>
				<transform> 1, 0, 0, 0, 1, 0, 0, 0, 1, 59.057, 5.76534, 26.9399 </transform>
				<transform> 1, 0, 0, 0, 1, 0, 0, 0, 1, 59.057, 4.14271, 28.9338 </transform>
				<transform> 1, 0, 0, 0, 1, 0, 0, 0, 1, 59.057, 4.14271, 26.9338 </transform>
				<transform> 1, 0, 0, 0, 1, 0, 0, 0, 1, 57.057, 5.76534, 28.9399 </transform>
				<transform> 1, 0, 0, 0, 1, 0, 0, 0, 1, 62.9108, 6.16547, 31.0899 </transform>
				<transform> 1, 0, 0, 0, 1, 0, 0, 0, 1, 64.9108, 7.7881, 31.096 </transform>
				<transform> 1, 0, 0, 0, 1, 0, 0, 0, 1, 62.9108, 6.16547, 33.0899 </transform>
				<transform> 1, 0, 0, 0, 1, 0, 0, 0, 1, 62.9108, 7.7881, 31.096 </transform>
				<transform> 1, 0, 0, 0, 1, 0, 0, 0, 1, 64.9108, 7.7881, 33.096 </transform>
				<transform> 1, 0, 0, 0, 1, 0, 0, 0, 1, 64.9108, 6.16547, 31.0899 </transform>
				<transform> 1, 0, 0, 0, 1, 0, 0, 0, 1, 64.9108, 6.16547, 33.0899 </transform>
				<transform> 1, 0, 0, 0, 1, 0, 0, 0, 1, 62.9108, 7.7881, 33.096 </transform>
				<transform> 1, 0, 0, 0, 1, 0, 0, 0, 1, 51.5614, 2.98252, 23.1775 </transform>
				<transform> 1, 0, 0, 0, 1, 0, 0, 0, 1, 53.5614, 4.60515, 23.1836 </transform>
				<transform> 1, 0, 0, 0, 1, 0, 0, 0, 1, 51.5614, 2.98252, 25.1775 </transform>
				<transform> 1, 0, 0, 0, 1, 0, 0, 0, 1, 53.5614, 2.98252, 23.1775 </transform>
				<transform> 1, 0, 0, 0, 1, 0, 0, 0, 1, 53.5614, 4.60515, 25.1836 </transform>
				<transform> 1, 0, 0, 0, 1, 0, 0, 0, 1, 51.5614, 4.60515, 23.1836 </transform>
				<transform> 1, 0, 0, 0, 1, 0, 0, 0, 1, 53.5614, 2.98252, 25.1775 </transform>
				<transform> 1, 0, 0, 0, 1, 0, 0, 0, 1, 51.5614, 4.60515, 25.1836 </transform>
				<resource  resource_type="PackedScene" path="res://enemy.scn">  </resource>
				<transform> 1, 0, 0, 0, 1, 0, 0, 0, 1, 18.3062, 5.40827, 5.96938 </transform>
				<dictionary  shared="false">
					<string> "__editor_plugin_states__" </string>
					<dictionary  shared="false">
						<string> "Script" </string>
						<dictionary  shared="false">
							<string> "current" </string>
							<int> 0 </int>
							<string> "sources" </string>
							<array  len="2" shared="false">
								<string> "res://enemy.gd" </string>
								<string> "res://player.gd" </string>
							</array>
						</dictionary>
						<string> "2D" </string>
						<dictionary  shared="false">
							<string> "zoom" </string>
							<real> 1 </real>
							<string> "ofs" </string>
							<vector2> 1, 1 </vector2>
						</dictionary>
						<string> "3D" </string>
						<dictionary  shared="false">
							<string> "fov" </string>
							<real> 400 </real>
							<string> "zfar" </string>
							<real> 500 </real>
							<string> "viewports" </string>
							<array  len="4" shared="false">
								<dictionary  shared="false">
									<string> "distance" </string>
									<real> 7.403724 </real>
									<string> "x_rot" </string>
									<real> 0.25 </real>
									<string> "y_rot" </string>
									<real> 3.312502 </real>
									<string> "use_orthogonal" </string>
									<bool> False </bool>
									<string> "use_environment" </string>
									<bool> False </bool>
									<string> "pos" </string>
									<vector3> 0.898236, 0.953557, 0.742913 </vector3>
								</dictionary>
								<dictionary  shared="false">
									<string> "distance" </string>
									<real> 4 </real>
									<string> "x_rot" </string>
									<real> 0 </real>
									<string> "y_rot" </string>
									<real> 0 </real>
									<string> "use_orthogonal" </string>
									<bool> False </bool>
									<string> "use_environment" </string>
									<bool> False </bool>
									<string> "pos" </string>
									<vector3> 0, 0, 0 </vector3>
								</dictionary>
								<dictionary  shared="false">
									<string> "distance" </string>
									<real> 4 </real>
									<string> "x_rot" </string>
									<real> 0 </real>
									<string> "y_rot" </string>
									<real> 0 </real>
									<string> "use_orthogonal" </string>
									<bool> False </bool>
									<string> "use_environment" </string>
									<bool> False </bool>
									<string> "pos" </string>
									<vector3> 0, 0, 0 </vector3>
								</dictionary>
								<dictionary  shared="false">
									<string> "distance" </string>
									<real> 4 </real>
									<string> "x_rot" </string>
									<real> 0 </real>
									<string> "y_rot" </string>
									<real> 0 </real>
									<string> "use_orthogonal" </string>
									<bool> False </bool>
									<string> "use_environment" </string>
									<bool> False </bool>
									<string> "pos" </string>
									<vector3> 0, 0, 0 </vector3>
								</dictionary>
							</array>
							<string> "viewport_mode" </string>
							<int> 1 </int>
							<string> "default_light" </string>
							<bool> True </bool>
							<string> "show_grid" </string>
							<bool> True </bool>
							<string> "znear" </string>
							<real> 0.1 </real>
							<string> "show_origin" </string>
							<bool> True </bool>
						</dictionary>
					</dictionary>
					<string> "__editor_run_settings__" </string>
					<dictionary  shared="false">
						<string> "custom_args" </string>
						<string> "-l $scene" </string>
						<string> "run_mode" </string>
						<int> 0 </int>
					</dictionary>
					<string> "__editor_plugin_screen__" </string>
					<string> "Script" </string>
				</dictionary>
				<transform> 1, 0, 0, 0, 1, 0, 0, 0, 1, 64.1292, 5.40827, 17.1396 </transform>
				<transform> 1, 0, 0, 0, 1, 0, 0, 0, 1, 64.1292, 5.40827, 32.6128 </transform>
				<transform> 1, 0, 0, 0, 1, 0, 0, 0, 1, 55.5702, 5.40827, 32.6128 </transform>
				<resource  resource_type="PackedScene" path="res://player.xml">  </resource>
				<transform> 0.0160676, 0, -0.999871, 0, 1, 0, 0.999871, 0, 0.0160676, 8.50167, 4.15811, 15.9334 </transform>
				<dictionary  shared="false">
					<string> "__editor_plugin_states__" </string>
					<dictionary  shared="false">
						<string> "Script" </string>
						<dictionary  shared="false">
							<string> "current" </string>
							<int> 1 </int>
							<string> "sources" </string>
							<array  len="2" shared="false">
								<string> "res://follow_camera.gd" </string>
								<string> "res://player.gd" </string>
							</array>
						</dictionary>
						<string> "2D" </string>
						<dictionary  shared="false">
							<string> "pixel_snap" </string>
							<bool> False </bool>
							<string> "zoom" </string>
							<real> 1 </real>
							<string> "ofs" </string>
							<vector2> -241, -19 </vector2>
						</dictionary>
						<string> "3D" </string>
						<dictionary  shared="false">
							<string> "fov" </string>
							<real> 400 </real>
							<string> "zfar" </string>
							<real> 500 </real>
							<string> "viewports" </string>
							<array  len="4" shared="false">
								<dictionary  shared="false">
									<string> "distance" </string>
									<real> 2.161076 </real>
									<string> "x_rot" </string>
									<real> 0.520797 </real>
									<string> "y_rot" </string>
									<real> 26.741669 </real>
									<string> "use_orthogonal" </string>
									<bool> False </bool>
									<string> "use_environment" </string>
									<bool> False </bool>
									<string> "pos" </string>
									<vector3> -0.415811, 0.486899, 0.089334 </vector3>
								</dictionary>
								<dictionary  shared="false">
									<string> "distance" </string>
									<real> 4 </real>
									<string> "x_rot" </string>
									<real> 0 </real>
									<string> "y_rot" </string>
									<real> 0 </real>
									<string> "use_orthogonal" </string>
									<bool> False </bool>
									<string> "use_environment" </string>
									<bool> False </bool>
									<string> "pos" </string>
									<vector3> 0, 0, 0 </vector3>
								</dictionary>
								<dictionary  shared="false">
									<string> "distance" </string>
									<real> 4 </real>
									<string> "x_rot" </string>
									<real> 0 </real>
									<string> "y_rot" </string>
									<real> 0 </real>
									<string> "use_orthogonal" </string>
									<bool> False </bool>
									<string> "use_environment" </string>
									<bool> False </bool>
									<string> "pos" </string>
									<vector3> 0, 0, 0 </vector3>
								</dictionary>
								<dictionary  shared="false">
									<string> "distance" </string>
									<real> 4 </real>
									<string> "x_rot" </string>
									<real> 0 </real>
									<string> "y_rot" </string>
									<real> 0 </real>
									<string> "use_orthogonal" </string>
									<bool> False </bool>
									<string> "use_environment" </string>
									<bool> False </bool>
									<string> "pos" </string>
									<vector3> 0, 0, 0 </vector3>
								</dictionary>
							</array>
							<string> "viewport_mode" </string>
							<int> 1 </int>
							<string> "default_light" </string>
							<bool> True </bool>
							<string> "show_grid" </string>
							<bool> True </bool>
							<string> "znear" </string>
							<real> 0.1 </real>
							<string> "show_origin" </string>
							<bool> True </bool>
						</dictionary>
					</dictionary>
					<string> "__editor_run_settings__" </string>
					<dictionary  shared="false">
						<string> "custom_args" </string>
						<string> "-l $scene" </string>
						<string> "run_mode" </string>
						<int> 0 </int>
					</dictionary>
					<string> "__editor_plugin_screen__" </string>
					<string> "3D" </string>
				</dictionary>
			</array>
			<string> "nodes" </string>
			<int_array  len="873"> 				-1, -1, 1, 0, -1, 4, 2, 0, 3, 1, 4, 2, 5, 3, 0, 0, 0, 6, 6, -1, 14, 2, 0, 3, 1, 4, 2, 7, 4, 8, 5, 9, 5, 10, 6, 11, 7, 12, 2, 13, 2, 14, 2, 15, 8, 16, 9, 5, 10, 0, 0, 0, 17, 17, -1, 23, 2, 0, 3, 1, 18, 11, 4, 2, 19, 12, 20, 2, 21, 5, 22, 13, 23, 14, 24, 15, 25, 15, 26, 2, 27, 16, 28, 17, 29, 18, 30, 19, 31, 20, 32, 21, 33, 13, 34, 22, 35, 23, 36, 24, 37, 6, 0, 0, 0, 39, 38, -1, 4, 2, 0, 3, 1, 4, 2, 38, 25, 0, 0, 0, 41, 40, -1, 2, 2, 0, 5, 26, 0, 4, 0, 43, 42, 27, 4, 2, 0, 3, 1, 18, 28, 5, 29, 0, 4, 0, 43, 44, 27, 4, 2, 0, 3, 1, 18, 30, 5, 29, 0, 4, 0, 43, 45, 27, 4, 2, 0, 3, 1, 18, 31, 5, 29, 0, 4, 0, 43, 46, 27, 4, 2, 0, 3, 1, 18, 32, 5, 29, 0, 4, 0, 43, 47, 27, 4, 2, 0, 3, 1, 18, 33, 5, 29, 0, 4, 0, 43, 48, 27, 4, 2, 0, 3, 1, 18, 34, 5, 29, 0, 4, 0, 43, 49, 27, 4, 2, 0, 3, 1, 18, 35, 5, 29, 0, 4, 0, 43, 50, 27, 4, 2, 0, 3, 1, 18, 36, 5, 29, 0, 4, 0, 43, 51, 27, 4, 2, 0, 3, 1, 18, 37, 5, 29, 0, 4, 0, 43, 52, 27, 4, 2, 0, 3, 1, 18, 38, 5, 29, 0, 4, 0, 43, 53, 27, 4, 2, 0, 3, 1, 18, 39, 5, 29, 0, 4, 0, 43, 54, 27, 4, 2, 0, 3, 1, 18, 40, 5, 29, 0, 4, 0, 43, 55, 27, 4, 2, 0, 3, 1, 18, 41, 5, 29, 0, 4, 0, 43, 56, 27, 4, 2, 0, 3, 1, 18, 42, 5, 29, 0, 4, 0, 43, 57, 27, 4, 2, 0, 3, 1, 18, 43, 5, 29, 0, 4, 0, 43, 58, 27, 4, 2, 0, 3, 1, 18, 44, 5, 29, 0, 4, 0, 43, 59, 27, 4, 2, 0, 3, 1, 18, 45, 5, 29, 0, 4, 0, 43, 60, 27, 4, 2, 0, 3, 1, 18, 46, 5, 29, 0, 4, 0, 43, 61, 27, 4, 2, 0, 3, 1, 18, 47, 5, 29, 0, 4, 0, 43, 62, 27, 4, 2, 0, 3, 1, 18, 48, 5, 29, 0, 4, 0, 43, 63, 27, 4, 2, 0, 3, 1, 18, 49, 5, 29, 0, 4, 0, 43, 64, 27, 4, 2, 0, 3, 1, 18, 50, 5, 29, 0, 4, 0, 43, 65, 27, 4, 2, 0, 3, 1, 18, 51, 5, 29, 0, 4, 0, 43, 66, 27, 4, 2, 0, 3, 1, 18, 52, 5, 29, 0, 4, 0, 43, 67, 27, 4, 2, 0, 3, 1, 18, 53, 5, 29, 0, 4, 0, 43, 68, 27, 4, 2, 0, 3, 1, 18, 54, 5, 29, 0, 4, 0, 43, 69, 27, 4, 2, 0, 3, 1, 18, 55, 5, 29, 0, 4, 0, 43, 70, 27, 4, 2, 0, 3, 1, 18, 56, 5, 29, 0, 4, 0, 43, 71, 27, 4, 2, 0, 3, 1, 18, 57, 5, 29, 0, 4, 0, 43, 72, 27, 4, 2, 0, 3, 1, 18, 58, 5, 29, 0, 4, 0, 43, 73, 27, 4, 2, 0, 3, 1, 18, 59, 5, 29, 0, 4, 0, 43, 74, 27, 4, 2, 0, 3, 1, 18, 60, 5, 29, 0, 4, 0, 43, 75, 27, 4, 2, 0, 3, 1, 18, 61, 5, 29, 0, 4, 0, 43, 76, 27, 4, 2, 0, 3, 1, 18, 62, 5, 29, 0, 4, 0, 43, 77, 27, 4, 2, 0, 3, 1, 18, 63, 5, 29, 0, 4, 0, 43, 78, 27, 4, 2, 0, 3, 1, 18, 64, 5, 29, 0, 4, 0, 43, 79, 27, 4, 2, 0, 3, 1, 18, 65, 5, 29, 0, 4, 0, 43, 80, 27, 4, 2, 0, 3, 1, 18, 66, 5, 29, 0, 4, 0, 43, 81, 27, 4, 2, 0, 3, 1, 18, 67, 5, 29, 0, 4, 0, 43, 82, 27, 4, 2, 0, 3, 1, 18, 68, 5, 29, 0, 4, 0, 43, 83, 27, 4, 2, 0, 3, 1, 18, 69, 5, 29, 0, 4, 0, 43, 84, 27, 4, 2, 0, 3, 1, 18, 70, 5, 29, 0, 4, 0, 43, 85, 27, 4, 2, 0, 3, 1, 18, 71, 5, 29, 0, 4, 0, 43, 86, 27, 4, 2, 0, 3, 1, 18, 72, 5, 29, 0, 0, 0, 41, 87, -1, 1, 2, 0, 0, 49, 0, 89, 88, 73, 4, 2, 0, 3, 1, 18, 74, 5, 75, 0, 49, 0, 89, 90, 73, 4, 2, 0, 3, 1, 18, 76, 5, 75, 0, 49, 0, 89, 91, 73, 4, 2, 0, 3, 1, 18, 77, 5, 75, 0, 49, 0, 89, 92, 73, 4, 2, 0, 3, 1, 18, 78, 5, 75, 0, 0, 0, 89, 93, 79, 4, 2, 0, 3, 1, 18, 80, 5, 81, 0 </int_array>
			<string> "conns" </string>
			<int_array  len="0"> 				 </int_array>
		</dictionary>

	</main_resource>
</resource_file>