<?xml version="1.0" encoding="UTF-8" ?>
<resource_file type="PackedScene" subresource_count="3" version="0.99" version_name="Godot Engine v0.99.3735-pre-beta">
	<ext_resource path="res://art/platform.*" type="ImageTexture"></ext_resource>
	<resource type="RectangleShape2D" path="local://1">
		<real name="custom_solver_bias"> 0 </real>
		<vector2 name="extents"> 128, 16 </vector2>

	</resource>
	<main_resource>
		<dictionary name="_bundled" shared="false">
			<string> "names" </string>
			<string_array  len="34">
				<string> "platform" </string>
				<string> "StaticBody2D" </string>
				<string> "visibility/visible" </string>
				<string> "visibility/opacity" </string>
				<string> "visibility/self_opacity" </string>
				<string> "visibility/on_top" </string>
				<string> "transform/pos" </string>
				<string> "transform/rot" </string>
				<string> "transform/scale" </string>
				<string> "shape_count" </string>
				<string> "shapes/0/shape" </string>
				<string> "shapes/0/transform" </string>
				<string> "shapes/0/trigger" </string>
				<string> "simulate_motion" </string>
				<string> "constant_linear_velocity" </string>
				<string> "constant_angular_velocity" </string>
				<string> "friction" </string>
				<string> "bounce" </string>
				<string> "__meta__" </string>
				<string> "Sprite" </string>
				<string> "texture" </string>
				<string> "centered" </string>
				<string> "offset" </string>
				<string> "flip_h" </string>
				<string> "flip_v" </string>
				<string> "vframes" </string>
				<string> "hframes" </string>
				<string> "frame" </string>
				<string> "modulate" </string>
				<string> "region" </string>
				<string> "region_rect" </string>
				<string> "CollisionShape2D" </string>
				<string> "shape" </string>
				<string> "trigger" </string>
			</string_array>
			<string> "version" </string>
			<int> 1 </int>
			<string> "conn_count" </string>
			<int> 0 </int>
			<string> "node_count" </string>
			<int> 3 </int>
			<string> "variants" </string>
			<array  len="14" shared="false">
				<bool> True </bool>
				<real> 1 </real>
				<vector2> 0, 0 </vector2>
				<real> 0 </real>
				<vector2> 1, 1 </vector2>
				<int> 1 </int>
				<resource  resource_type="RectangleShape2D" path="local://1">  </resource>
				<matrix32> 1, 0, 0, 1, 0, 0 </matrix32>
				<bool> False </bool>
				<dictionary  shared="false">
					<string> "__editor_plugin_states__" </string>
					<dictionary  shared="false">
						<string> "2D" </string>
						<dictionary  shared="false">
							<string> "pixel_snap" </string>
							<bool> False </bool>
							<string> "zoom" </string>
							<real> 1 </real>
							<string> "ofs" </string>
							<vector2> -135, -114 </vector2>
						</dictionary>
						<string> "3D" </string>
						<dictionary  shared="false">
							<string> "zfar" </string>
							<real> 500 </real>
							<string> "fov" </string>
							<real> 45 </real>
							<string> "viewports" </string>
							<array  len="4" shared="false">
								<dictionary  shared="false">
									<string> "distance" </string>
									<real> 4 </real>
									<string> "x_rot" </string>
									<real> 0 </real>
									<string> "y_rot" </string>
									<real> 0 </real>
									<string> "use_orthogonal" </string>
									<bool> False </bool>
									<string> "use_environment" </string>
									<bool> False </bool>
									<string> "pos" </string>
									<vector3> 0, 0, 0 </vector3>
								</dictionary>
								<dictionary  shared="false">
									<string> "distance" </string>
									<real> 4 </real>
									<string> "x_rot" </string>
									<real> 0 </real>
									<string> "y_rot" </string>
									<real> 0 </real>
									<string> "use_orthogonal" </string>
									<bool> False </bool>
									<string> "use_environment" </string>
									<bool> False </bool>
									<string> "pos" </string>
									<vector3> 0, 0, 0 </vector3>
								</dictionary>
								<dictionary  shared="false">
									<string> "distance" </string>
									<real> 4 </real>
									<string> "x_rot" </string>
									<real> 0 </real>
									<string> "y_rot" </string>
									<real> 0 </real>
									<string> "use_orthogonal" </string>
									<bool> False </bool>
									<string> "use_environment" </string>
									<bool> False </bool>
									<string> "pos" </string>
									<vector3> 0, 0, 0 </vector3>
								</dictionary>
								<dictionary  shared="false">
									<string> "distance" </string>
									<real> 4 </real>
									<string> "x_rot" </string>
									<real> 0 </real>
									<string> "y_rot" </string>
									<real> 0 </real>
									<string> "use_orthogonal" </string>
									<bool> False </bool>
									<string> "use_environment" </string>
									<bool> False </bool>
									<string> "pos" </string>
									<vector3> 0, 0, 0 </vector3>
								</dictionary>
							</array>
							<string> "viewport_mode" </string>
							<int> 1 </int>
							<string> "default_light" </string>
							<bool> True </bool>
							<string> "show_grid" </string>
							<bool> True </bool>
							<string> "show_origin" </string>
							<bool> True </bool>
							<string> "znear" </string>
							<real> 0.1 </real>
						</dictionary>
					</dictionary>
					<string> "__editor_run_settings__" </string>
					<dictionary  shared="false">
						<string> "custom_args" </string>
						<string> "-l $scene" </string>
						<string> "run_mode" </string>
						<int> 0 </int>
					</dictionary>
					<string> "__editor_plugin_screen__" </string>
					<string> "2D" </string>
				</dictionary>
				<resource  resource_type="ImageTexture" path="res://art/platform.*">  </resource>
				<int> 0 </int>
				<color> 1, 1, 1, 1 </color>
				<rect2> 0, 0, 0, 0 </rect2>
			</array>
			<string> "nodes" </string>
			<int_array  len="109"> 				-1, -1, 1, 0, -1, 17, 2, 0, 3, 1, 4, 1, 5, 0, 6, 2, 7, 3, 8, 4, 9, 5, 10, 6, 11, 7, 12, 8, 13, 8, 14, 2, 15, 3, 16, 1, 17, 3, 18, 9, 0, 0, 0, 19, 19, -1, 18, 2, 0, 3, 1, 4, 1, 5, 0, 6, 2, 7, 3, 8, 4, 20, 10, 21, 0, 22, 2, 23, 8, 24, 8, 25, 5, 26, 5, 27, 11, 28, 12, 29, 8, 30, 13, 0, 0, 0, 31, 31, -1, 9, 2, 0, 3, 1, 4, 1, 5, 0, 6, 2, 7, 3, 8, 4, 32, 6, 33, 8, 0 </int_array>
			<string> "conns" </string>
			<int_array  len="0"> 				 </int_array>
		</dictionary>

	</main_resource>
</resource_file>