<?xml version="1.0" encoding="UTF-8" ?>
<resource_file type="PackedScene" subresource_count="7" version="0.99" version_name="Godot Engine v0.99.3735-pre-beta">
	<ext_resource path="res://platform.*" type="PackedScene"></ext_resource>
	<ext_resource path="res://ball.*" type="PackedScene"></ext_resource>
	<ext_resource path="res://domino.*" type="PackedScene"></ext_resource>
	<ext_resource path="res://seesaw.*" type="PackedScene"></ext_resource>
	<ext_resource path="res://box.*" type="PackedScene"></ext_resource>
	<ext_resource path="res://pendulum.*" type="PackedScene"></ext_resource>
	<main_resource>
		<dictionary name="_bundled" shared="false">
			<string> "names" </string>
			<string_array  len="29">
				<string> "Node" </string>
				<string> "__meta__" </string>
				<string> "platform" </string>
				<string> "StaticBody2D" </string>
				<string> "transform/pos" </string>
				<string> "transform/rot" </string>
				<string> "platform 2" </string>
				<string> "platform 3" </string>
				<string> "Ball" </string>
				<string> "RigidBody2D" </string>
				<string> "domino" </string>
				<string> "domino 2" </string>
				<string> "domino 4" </string>
				<string> "platform 4" </string>
				<string> "platform 5" </string>
				<string> "transform/scale" </string>
				<string> "Ball 2" </string>
				<string> "platform 6" </string>
				<string> "platform 7" </string>
				<string> "platform 8" </string>
				<string> "SeeSaw" </string>
				<string> "Node2D" </string>
				<string> "box" </string>
				<string> "pendulum" </string>
				<string> "pendulum 2" </string>
				<string> "pendulum 3" </string>
				<string> "pendulum 4" </string>
				<string> "Ball 5" </string>
				<string> "velocity/linear" </string>
			</string_array>
			<string> "version" </string>
			<int> 1 </int>
			<string> "conn_count" </string>
			<int> 0 </int>
			<string> "node_count" </string>
			<int> 21 </int>
			<string> "variants" </string>
			<array  len="33" shared="false">
				<dictionary  shared="false">
					<string> "__editor_plugin_states__" </string>
					<dictionary  shared="false">
						<string> "2D" </string>
						<dictionary  shared="false">
							<string> "pixel_snap" </string>
							<bool> False </bool>
							<string> "zoom" </string>
							<real> 0.598737 </real>
							<string> "ofs" </string>
							<vector2> -15.4883, -75.0379 </vector2>
						</dictionary>
						<string> "3D" </string>
						<dictionary  shared="false">
							<string> "zfar" </string>
							<real> 500 </real>
							<string> "fov" </string>
							<real> 45 </real>
							<string> "viewports" </string>
							<array  len="4" shared="false">
								<dictionary  shared="false">
									<string> "distance" </string>
									<real> 4 </real>
									<string> "x_rot" </string>
									<real> 0 </real>
									<string> "y_rot" </string>
									<real> 0 </real>
									<string> "use_orthogonal" </string>
									<bool> False </bool>
									<string> "use_environment" </string>
									<bool> False </bool>
									<string> "pos" </string>
									<vector3> 0, 0, 0 </vector3>
								</dictionary>
								<dictionary  shared="false">
									<string> "distance" </string>
									<real> 4 </real>
									<string> "x_rot" </string>
									<real> 0 </real>
									<string> "y_rot" </string>
									<real> 0 </real>
									<string> "use_orthogonal" </string>
									<bool> False </bool>
									<string> "use_environment" </string>
									<bool> False </bool>
									<string> "pos" </string>
									<vector3> 0, 0, 0 </vector3>
								</dictionary>
								<dictionary  shared="false">
									<string> "distance" </string>
									<real> 4 </real>
									<string> "x_rot" </string>
									<real> 0 </real>
									<string> "y_rot" </string>
									<real> 0 </real>
									<string> "use_orthogonal" </string>
									<bool> False </bool>
									<string> "use_environment" </string>
									<bool> False </bool>
									<string> "pos" </string>
									<vector3> 0, 0, 0 </vector3>
								</dictionary>
								<dictionary  shared="false">
									<string> "distance" </string>
									<real> 4 </real>
									<string> "x_rot" </string>
									<real> 0 </real>
									<string> "y_rot" </string>
									<real> 0 </real>
									<string> "use_orthogonal" </string>
									<bool> False </bool>
									<string> "use_environment" </string>
									<bool> False </bool>
									<string> "pos" </string>
									<vector3> 0, 0, 0 </vector3>
								</dictionary>
							</array>
							<string> "viewport_mode" </string>
							<int> 1 </int>
							<string> "default_light" </string>
							<bool> True </bool>
							<string> "show_grid" </string>
							<bool> True </bool>
							<string> "show_origin" </string>
							<bool> True </bool>
							<string> "znear" </string>
							<real> 0.1 </real>
						</dictionary>
					</dictionary>
					<string> "__editor_run_settings__" </string>
					<dictionary  shared="false">
						<string> "custom_args" </string>
						<string> "-l $scene" </string>
						<string> "run_mode" </string>
						<int> 0 </int>
					</dictionary>
					<string> "__editor_plugin_screen__" </string>
					<string> "2D" </string>
				</dictionary>
				<resource  resource_type="PackedScene" path="res://platform.*">  </resource>
				<vector2> 116.881, 145.589 </vector2>
				<real> -20.87962 </real>
				<vector2> 336.29, 264.52 </vector2>
				<vector2> 526.99, 264.52 </vector2>
				<resource  resource_type="PackedScene" path="res://ball.*">  </resource>
				<vector2> 76.0801, 67.2141 </vector2>
				<resource  resource_type="PackedScene" path="res://domino.*">  </resource>
				<vector2> 262.764, 182.008 </vector2>
				<vector2> 356.951, 182.008 </vector2>
				<vector2> 448.834, 179.291 </vector2>
				<vector2> 772.686, 345.917 </vector2>
				<real> 76.771606 </real>
				<vector2> 640.041, 335.365 </vector2>
				<real> 90 </real>
				<vector2> 0.5, 1 </vector2>
				<vector2> 616.342, 214.247 </vector2>
				<vector2> 679.231, 588.598 </vector2>
				<vector2> 424.491, 588.598 </vector2>
				<vector2> 185.655, 588.598 </vector2>
				<resource  resource_type="PackedScene" path="res://seesaw.*">  </resource>
				<vector2> 602.935, 554.501 </vector2>
				<resource  resource_type="PackedScene" path="res://box.*">  </resource>
				<vector2> 476.002, 509.406 </vector2>
				<real> 21.737282 </real>
				<resource  resource_type="PackedScene" path="res://pendulum.*">  </resource>
				<vector2> 391.607, 305.444 </vector2>
				<vector2> 343.172, 303.774 </vector2>
				<vector2> 288.056, 303.774 </vector2>
				<vector2> 236.28, 303.774 </vector2>
				<vector2> 116.165, 526.515 </vector2>
				<vector2> 0, -200 </vector2>
			</array>
			<string> "nodes" </string>
			<int_array  len="201"> 				-1, -1, 0, 0, -1, 1, 1, 0, 0, 0, 0, 3, 2, 1, 2, 4, 2, 5, 3, 0, 0, 0, 3, 6, 1, 1, 4, 4, 0, 0, 0, 3, 7, 1, 1, 4, 5, 0, 0, 0, 9, 8, 6, 1, 4, 7, 0, 0, 0, 9, 10, 8, 1, 4, 9, 0, 0, 0, 9, 11, 8, 1, 4, 10, 0, 0, 0, 9, 12, 8, 1, 4, 11, 0, 0, 0, 3, 13, 1, 2, 4, 12, 5, 13, 0, 0, 0, 3, 14, 1, 3, 4, 14, 5, 15, 15, 16, 0, 0, 0, 9, 16, 6, 1, 4, 17, 0, 0, 0, 3, 17, 1, 1, 4, 18, 0, 0, 0, 3, 18, 1, 1, 4, 19, 0, 0, 0, 3, 19, 1, 1, 4, 20, 0, 0, 0, 21, 20, 21, 1, 4, 22, 0, 0, 0, 9, 22, 23, 2, 4, 24, 5, 25, 0, 0, 0, 21, 23, 26, 1, 4, 27, 0, 0, 0, 21, 24, 26, 1, 4, 28, 0, 0, 0, 21, 25, 26, 1, 4, 29, 0, 0, 0, 21, 26, 26, 1, 4, 30, 0, 0, 0, 9, 27, 6, 2, 4, 31, 28, 32, 0 </int_array>
			<string> "conns" </string>
			<int_array  len="0"> 				 </int_array>
		</dictionary>

	</main_resource>
</resource_file>